Agt_ID,Agt_Name,ID,X,Y,Value_LS,Value_K,area_ha,LndRvrSeg,all,cul,pas,farm,cul%,pas%,farm%,cul-pas,Agt_ID2,Ac,Aw
1,Sb1_1_1,Sb1_1,-77.147093574,42.048807128,11.2048,0.30729,14724.2,N36101SU4_0690_0650,163594,5384,37332,42716,0.032910742,0.228199078,0.261109821,-31948,1,0.12,0.3
2,Sb1_1_2,Sb1_1,-77.5001444753,42.0362204787,8.118,0.303681,19402.78,N36101SU2_0740_0741,215532,5661,87498,93159,0.026265241,0.40596292,0.432228161,-81837,2,0.12,0.3
3,Sb1_1_3,Sb1_1,-77.4052175336,41.9489610114,16.9352,0.304004,30349.62,N42117SU2_0740_0741,337145,12146,94271,106417,0.036026042,0.279615596,0.315641638,-82125,3,0.12,0.3
4,Sb1_1_4,Sb1_1,-77.6642300739,41.9444373295,10.5401,0.307567,11793.26,N42105SU1_0820_0740,130892,1742,40880,42622,0.013308682,0.312318553,0.325627235,-39138,4,0.12,0.3
5,Sb1_1_5,Sb1_1,-77.5633398916,41.9029348838,13.9228,0.305088,9663.88,N42117SU1_0820_0740,107356,1564,35754,37318,0.014568352,0.33304147,0.347609822,-34190,5,0.12,0.3
6,Sb1_1_6,Sb1_1,-77.0526683577,41.8037541691,17.0335,0.297904,11324.72,N42117SU2_0830_0831,125836,1452,42324,43776,0.011538828,0.336342541,0.347881369,-40872,6,0.12,0.3
7,Sb1_1_7,Sb1_1,-77.0235845769,41.8574194289,21.915,0.300611,22679.56,N42117SU3_0831_0790,252035,1379,74164,75543,0.005471462,0.294260718,0.29973218,-72785,7,0.12,0.3
8,Sb1_1_8,Sb1_1,-77.3088495223,41.8490783793,12.9438,0.29471,27831.66,N42117SU1_0840_0831,309211,3906,97874,101780,0.012632151,0.316528196,0.329160347,-93968,8,0.12,0.3
9,Sb1_1_9,Sb1_1,-77.1245389838,41.9257464113,16.0936,0.300611,10961.07,N42117SU3_0790_0770,121794,3266,28870,32136,0.026815771,0.237039591,0.263855362,-25604,9,0.12,0.3
10,Sb1_1_10,Sb1_1,-77.2237931408,42.1401707678,11.664,0.30507,6941.22,N36101SU4_0630_0650,77131,8120,17295,25415,0.10527544,0.224228909,0.32950435,-9175,10,0.12,0.3
11,Sb1_1_11,Sb1_1,-77.4124087596,42.1013230361,8.06523,0.301281,33237.61,N36101SU2_0640_0630,369244,13664,140064,153728,0.037005341,0.379326407,0.416331748,-126400,11,0.12,0.3
12,Sb1_1_12,Sb1_1,-77.0511155566,41.7096123006,10.158,0.29882,36502.37,N42117SU2_0920_0830,405619,2172,74481,76653,0.005354779,0.183623055,0.188977834,-72309,12,0.12,0.3
13,Sb1_1_13,Sb1_1,-77.6503778584,42.380932493,11.0181,0.306725,19301.09,N36101SU2_0510_0570,214199,45145,32902,78047,0.210761955,0.153604825,0.36436678,12243,13,0.12,0.3
14,Sb1_1_14,Sb1_1,-77.7957215271,42.3302970558,7.59699,0.290976,21723.1,N36003SU2_0510_0570,240988,8154,32465,40619,0.03383571,0.134716251,0.168551961,-24311,14,0.12,0.3
15,Sb1_1_15,Sb1_1,-77.4421825055,42.2045437097,17.3524,0.29592,29589.98,N36101SU4_0580_0630,328732,14463,58884,73347,0.043996325,0.179124636,0.223120962,-44421,15,0.12,0.3
16,Sb1_1_16,Sb1_1,-77.6401356658,42.2986938043,14.5723,0.291068,7502.38,N36101SU2_0570_0580,83350,4404,17570,21974,0.052837433,0.21079784,0.263635273,-13166,16,0.12,0.3
17,Sb1_1_17,Sb1_1,-77.6564348754,42.1760876149,12.2621,0.293713,24675.47,N36101SU2_0620_0580,274005,7481,60106,67587,0.027302421,0.219360961,0.246663382,-52625,17,0.12,0.3
18,Sb1_2_18,Sb1_2,-77.3692926567,42.4101747912,9.23608,0.287707,103514.38,N36101SU3_0370_0490,1149236,164494,242357,406851,0.143133351,0.210885319,0.35401867,-77863,18,0.12,0.3
19,Sb1_2_19,Sb1_2,-77.0564215701,42.4183428574,5.3733,0.302275,10417.93,N36097SU3_0370_0490,115518,3831,33176,37007,0.033163663,0.287193338,0.320357001,-29345,19,0.12,0.3
20,Sb1_2_20,Sb1_2,-77.0392488387,42.3219383326,8.80568,0.312524,9335.46,N36097SU3_0490_0530,103616,1574,7593,9167,0.015190704,0.073280188,0.088470893,-6019,20,0.12,0.3
21,Sb1_2_21,Sb1_2,-77.1627920597,42.23053543,11.1862,0.268529,26050.88,N36101SU3_0490_0530,289471,13966,49769,63735,0.048246629,0.171930867,0.220177496,-35803,21,0.12,0.3
22,Sb1_2_22,Sb1_2,-76.7158225834,41.9361888217,11.4938,0.302276,13569.79,N42015SU5_0610_0600,150822,1304,51613,52917,0.008645954,0.342211348,0.350857302,-50309,22,0.12,0.3
23,Sb1_2_23,Sb1_2,-76.613034748,42.0805330205,14.4039,0.300871,12164.45,N36015SU5_0600_0750,135211,4542,26971,31513,0.033591941,0.199473416,0.233065357,-22429,23,0.12,0.3
24,Sb1_2_24,Sb1_2,-76.9715414995,41.9571674613,9.24185,0.305088,8712.29,N42117SU2_0680_0610,96832,1634,44616,46250,0.016874587,0.460756775,0.477631362,-42982,24,0.12,0.3
25,Sb1_2_25,Sb1_2,-76.8448073114,41.9524626625,11.4259,0.305079,14001.44,N42015SU2_0680_0610,155607,792,54717,55509,0.005089745,0.351635852,0.356725597,-53925,25,0.12,0.3
26,Sb1_2_26,Sb1_2,-76.8687539456,42.0331434148,13.7903,0.307517,11486.91,N36015SU2_0680_0610,127656,3528,28690,32218,0.027636774,0.224744626,0.2523814,-25162,26,0.12,0.3
27,Sb1_2_27,Sb1_2,-76.5910180122,41.9579690258,33.8648,0.30507,10268.51,N42015SU5_0600_0750,114113,5594,24918,30512,0.049021584,0.2183625,0.267384084,-19324,27,0.12,0.3
28,Sb1_2_28,Sb1_2,-76.7081088475,42.0787522371,28.7397,0.305088,16206.11,N36015SU5_0610_0600,180141,8532,35282,43814,0.047362899,0.195857689,0.243220588,-26750,28,0.12,0.3
29,Sb1_2_29,Sb1_2,-76.8305551987,42.1682198265,10.6211,0.307008,43497.55,N36015SU5_0530_0610,483099,12068,94068,106136,0.024980387,0.194717853,0.21969824,-82000,29,0.12,0.3
30,Sb1_2_30,Sb1_2,-77.022183904,42.1511456469,13.5818,0.314761,21088.57,N36101SU5_0530_0610,234343,3975,30106,34081,0.016962316,0.128469807,0.145432123,-26131,30,0.12,0.3
31,Sb2_1_31,Sb2_1,-75.9840540842,42.8310832857,5.89822,0.316622,10794.71,N36067SU2_0120_0260,119647,25695,17755,43450,0.214756743,0.148394862,0.363151604,7940,31,0.12,0.3
32,Sb2_1_32,Sb2_1,-76.0748286408,42.5343345978,10.5683,0.298597,30985.09,N36023SU4_0260_0350,344489,13785,99019,112804,0.040015792,0.287437335,0.327453126,-85234,32,0.12,0.3
33,Sb2_1_33,Sb2_1,-75.9050652724,42.6250949695,12.0532,0.297745,7062.53,N36023SU2_0110_0240,78519,3874,18849,22723,0.049338377,0.240056547,0.289394924,-14975,33,0.12,0.3
34,Sb2_1_34,Sb2_1,-75.9481285632,42.4942229213,8.78899,0.300733,19117.34,N36023SU3_0240_0350,212557,6291,65044,71335,0.029596767,0.30600733,0.335604097,-58753,34,0.12,0.3
35,Sb2_1_35,Sb2_1,-75.816759583,42.56278593,6.81403,0.290683,5211.96,N36017SU3_0240_0350,57951,996,12961,13957,0.017186934,0.223654467,0.2408414,-11965,35,0.12,0.3
36,Sb2_1_36,Sb2_1,-75.4603890444,42.8211880732,8.23398,0.311916,11119.28,N36053SU1_0050_0090,123600,12766,31326,44092,0.10328479,0.253446602,0.356731392,-18560,36,0.12,0.3
37,Sb2_1_37,Sb2_1,-75.6408354309,42.6216625518,7.22031,0.293717,15970.9,N36017SU1_0200_0270,177608,1711,34773,36484,0.009633575,0.1957851,0.205418675,-33062,37,0.12,0.3
38,Sb2_1_38,Sb2_1,-75.4994155071,42.6247520961,11.0343,0.293292,18834.77,N36017SU3_0170_0270,209445,16289,49222,65511,0.077772208,0.235011578,0.312783786,-32933,38,0.12,0.3
39,Sb2_1_39,Sb2_1,-76.1901116339,42.6726249402,7.14899,0.297727,23061.37,N36023SU2_0160_0260,256201,46043,54269,100312,0.179714365,0.211821968,0.391536333,-8226,39,0.12,0.3
40,Sb2_1_40,Sb2_1,-75.6165332058,42.8466384672,6.88323,0.295228,29093.2,N36053SU2_0070_0090,323048,40621,82401,123022,0.125742924,0.255073549,0.380816473,-41780,40,0.12,0.3
41,Sb2_1_41,Sb2_1,-75.5502473715,42.7124295984,8.84273,0.2586,11650.06,N36017SU3_0090_0170,129525,14033,37284,51317,0.108342019,0.287851766,0.396193785,-23251,41,0.12,0.3
42,Sb2_1_42,Sb2_1,-75.5171719758,42.7661141741,8.23398,0.295229,9330.71,N36053SU3_0090_0170,103774,3052,21044,24096,0.029410064,0.202786825,0.232196889,-17992,42,0.12,0.3
43,Sb2_1_43,Sb2_1,-75.8332458525,42.7872150432,7.91715,0.305038,8697.78,N36053SU2_0120_0260,96579,11494,15841,27335,0.119011379,0.164021164,0.283032543,-4347,43,0.12,0.3
44,Sb2_1_44,Sb2_1,-76.0150900476,42.7006362928,11.9698,0.298414,30590.14,N36023SU2_0120_0260,340086,31567,59031,90598,0.092820639,0.173576684,0.266397323,-27464,44,0.12,0.3
45,Sb2_1_45,Sb2_1,-75.7519473845,42.7811340673,8.53928,0.305038,9980.27,N36053SU2_0110_0240,110912,3204,20020,23224,0.028887767,0.180503462,0.209391229,-16816,45,0.12,0.3
46,Sb2_1_46,Sb2_1,-75.6374855597,42.4384994925,9.14291,0.299354,53923.74,N36017SU4_0270_0430,599562,13226,109844,123070,0.022059437,0.183207074,0.205266511,-96618,46,0.12,0.3
47,Sb2_1_47,Sb2_1,-76.0520972111,42.3732388213,10.8767,0.296998,8958.64,N36007SU4_0260_0350,99595,6505,37145,43650,0.065314524,0.37296049,0.438275014,-30640,47,0.12,0.3
48,Sb2_1_48,Sb2_1,-75.9021380687,42.3250315876,12.0351,0.305152,11941.32,N36007SU4_0350_0420,132765,2648,31210,33858,0.019945016,0.235077016,0.255022031,-28562,48,0.12,0.3
49,Sb2_1_49,Sb2_1,-75.7915869832,42.4641738912,6.4815,0.291526,25926.49,N36017SU2_0280_0430,288280,1460,42308,43768,0.005064521,0.146760094,0.151824615,-40848,49,0.12,0.3
50,Sb2_1_50,Sb2_1,-75.7292070152,42.2779562352,5.05551,0.30507,5270.76,N36017SU5_0420_0500,58619,802,13735,14537,0.013681571,0.234309695,0.247991266,-12933,50,0.12,0.3
51,Sb2_1_51,Sb2_1,-75.8493244092,42.2016768232,14.1367,0.304872,25972.23,N36007SU5_0420_0500,288789,1918,52648,54566,0.006641527,0.182306113,0.18894764,-50730,51,0.12,0.3
52,Sb2_1_52,Sb2_1,-75.8024737647,42.6642735892,13.0557,0.297745,21002.77,N36017SU2_0110_0240,233514,11998,41971,53969,0.051380217,0.179736547,0.231116764,-29973,52,0.12,0.3
53,Sb2_2_53,Sb2_2,-74.7951300618,42.7195580702,12.7081,0.246418,23701.11,N36077SU2_0040_0180,263273,6845,41476,48321,0.025999628,0.157539892,0.18353952,-34631,53,0.12,0.3
54,Sb2_2_54,Sb2_2,-75.4403335295,41.899514474,9.49946,0.302599,8402.07,N42127SU6_0480_0520,93114,18,13263,13281,0.000193311,0.142438301,0.142631613,-13245,54,0.12,0.3
55,Sb2_2_55,Sb2_2,-75.7196081081,41.9275996324,18.0894,0.299582,61609.64,N42115SU6_0480_0520,685073,656,96530,97186,0.000957562,0.140904692,0.141862254,-95874,55,0.12,0.3
56,Sb2_2_56,Sb2_2,-75.692406895,42.0820226041,19.5191,0.30041,46361.3,N36007SU6_0480_0520,515204,10556,78994,89550,0.020488971,0.153325673,0.173814644,-68438,56,0.12,0.3
57,Sb2_2_57,Sb2_2,-75.1724978681,42.6416489792,8.03314,0.303164,15480.75,N36077SU1_0080_0210,172152,3185,45360,48545,0.018501092,0.26348808,0.281989172,-42175,57,0.12,0.3
58,Sb2_2_58,Sb2_2,-74.9634530087,42.8975502059,3.85051,0.140828,6555.95,N36043SU2_0020_0140,72705,8611,30462,39073,0.118437521,0.418980813,0.537418334,-21851,58,0.12,0.3
59,Sb2_2_59,Sb2_2,-75.2241129465,42.7981284064,13.6067,0.302103,9774.64,N36077SU3_0010_0190,108687,10604,27386,37990,0.097564566,0.251971257,0.349535823,-16782,59,0.12,0.3
60,Sb2_2_60,Sb2_2,-75.2681849667,42.9064135398,6.36575,0.303834,8081.03,N36065SU3_0010_0190,89735,18417,11467,29884,0.205237644,0.127787374,0.333025018,6950,60,0.12,0.3
61,Sb2_2_61,Sb2_2,-75.0168743305,42.7910829177,8.13616,0.289992,19969.23,N36077SU2_0020_0140,222058,8189,63824,72013,0.036877753,0.287420404,0.324298156,-55635,61,0.12,0.3
62,Sb2_2_62,Sb2_2,-75.2016501009,42.7352492273,9.48508,0.300439,24039.42,N36077SU1_0060_0190,267319,10560,86373,96933,0.039503365,0.323108346,0.362611711,-75813,62,0.12,0.3
63,Sb2_2_63,Sb2_2,-75.3166753372,42.8062139993,9.86522,0.303818,13920.09,N36053SU3_0010_0190,154780,6375,32070,38445,0.041187492,0.207197312,0.248384804,-25695,63,0.12,0.3
64,Sb2_2_64,Sb2_2,-75.1321716869,42.9162781089,4.82827,0.248271,11663.84,N36043SU3_0010_0190,129334,28251,34750,63001,0.218434441,0.268684182,0.487118623,-6499,64,0.12,0.3
65,Sb2_2_65,Sb2_2,-75.3585248819,42.6884277975,10.3431,0.296442,9503.69,N36017SU3_0010_0190,105687,5473,33259,38732,0.051784988,0.314693387,0.366478375,-27786,65,0.12,0.3
66,Sb2_2_66,Sb2_2,-75.6400230379,42.2594830452,6.779,0.29527,5279.96,N36017SU1_0410_0480,58694,287,11867,12154,0.004889767,0.20218421,0.207073977,-11580,66,0.12,0.3
67,Sb2_2_67,Sb2_2,-74.8788839215,42.7857342929,9.91459,0.21701,20482.85,N36077SU2_0030_0140,227642,21351,53811,75162,0.093792007,0.236384323,0.330176329,-32460,67,0.12,0.3
68,Sb2_2_68,Sb2_2,-75.3580354505,42.2500699466,7.78578,0.290705,7923.38,N36025SU1_0380_0400,88043,82,18998,19080,0.000931363,0.215780925,0.216712288,-18916,68,0.12,0.3
69,Sb2_2_69,Sb2_2,-75.5653274222,42.2975105843,6.34577,0.30507,10833.86,N36017SU2_0360_0460,120476,1162,30093,31255,0.009645075,0.249784189,0.259429264,-28931,69,0.12,0.3
70,Sb2_2_70,Sb2_2,-75.2674551213,42.2933232768,11.7732,0.305079,9859.05,N36025SU5_0340_0310,109634,1311,23594,24905,0.011957969,0.215206961,0.227164931,-22283,70,0.12,0.3
71,Sb2_2_71,Sb2_2,-74.7947805317,42.6003153713,13.88,0.310299,30798.07,N36077SU2_0100_0230,342325,7579,60035,67614,0.022139779,0.175374279,0.197514058,-52456,71,0.12,0.3
72,Sb2_2_72,Sb2_2,-75.4799589472,42.3297054096,8.98931,0.299669,9170.96,N36017SU5_0310_0400,101967,3296,23043,26339,0.032324183,0.225984877,0.258309061,-19747,72,0.12,0.3
73,Sb2_2_73,Sb2_2,-75.3585945366,42.3765614628,16.3463,0.305088,5307.95,N36077SU4_0300_0310,59040,2482,11262,13744,0.042039295,0.190752033,0.232791328,-8780,73,0.12,0.3
74,Sb2_2_74,Sb2_2,-75.4453672722,42.3974712675,9.79767,0.305088,9276.33,N36017SU4_0300_0310,103153,2781,25036,27817,0.026959953,0.242707435,0.269667387,-22255,74,0.12,0.3
75,Sb2_2_75,Sb2_2,-75.0608096696,42.3563663568,9.79233,0.292246,25661.07,N36025SU2_0290_0291,285213,2151,66867,69018,0.007541732,0.234445835,0.241987567,-64716,75,0.12,0.3
76,Sb2_2_76,Sb2_2,-75.829703068,42.0916158154,21.3317,0.309226,14153.3,N36007SU6_0520_0500,157353,322,25995,26317,0.002046354,0.165201807,0.167248162,-25673,76,0.12,0.3
77,Sb2_2_77,Sb2_2,-75.2143550938,42.425586982,16.2712,0.297475,19010.41,N36077SU4_0250_0340,211384,3702,41324,45026,0.017513151,0.195492563,0.213005715,-37622,77,0.12,0.3
78,Sb2_2_78,Sb2_2,-74.6422746971,42.5282385541,8.66302,0.320431,10598.19,N36095SU2_0150_0220,117568,53,16629,16682,0.000450803,0.141441549,0.141892352,-16576,78,0.12,0.3
79,Sb2_2_79,Sb2_2,-74.9697509288,42.6432793833,11.3983,0.324109,8172.19,N36077SU3_0140_0180,90871,2610,19424,22034,0.028722035,0.213753563,0.242475597,-16814,79,0.12,0.3
80,Sb2_2_80,Sb2_2,-75.0931443061,42.5931994581,10.2343,0.301276,28267.99,N36077SU2_0130_0250,314332,5528,73466,78994,0.017586501,0.233721034,0.251307535,-67938,80,0.12,0.3
81,Sb2_2_81,Sb2_2,-74.8133804508,42.4530795436,12.0344,0.310827,26644.9,N36025SU2_0150_0220,296241,3025,51340,54365,0.010211281,0.173304843,0.183516124,-48315,81,0.12,0.3
82,Sb2_2_82,Sb2_2,-74.9791632169,42.5511260789,15.3257,0.291051,9081.24,N36077SU3_0180_0230,101002,5011,17424,22435,0.049612879,0.172511435,0.222124314,-12413,82,0.12,0.3
83,Sb2_2_83,Sb2_2,-74.7543085797,42.5421647452,9.45247,0.310299,8199.6,N36077SU2_0150_0220,91166,513,15624,16137,0.005627098,0.171379681,0.177006779,-15111,83,0.12,0.3
84,Sb2_2_84,Sb2_2,-75.2990313311,42.5047893761,11.1268,0.303672,18250.62,N36077SU2_0210_0300,202966,3727,45269,48996,0.018362681,0.223037356,0.241400037,-41542,84,0.12,0.3
85,Sb2_2_85,Sb2_2,-75.0586175931,42.468771527,31.0103,0.292246,5484.24,N36077SU4_0220_0250,60976,317,5788,6105,0.005198767,0.094922592,0.100121359,-5471,85,0.12,0.3
86,Sb2_2_86,Sb2_2,-75.4069491466,42.5472457995,9.157,0.302265,15896.74,N36017SU3_0190_0300,176743,5820,43240,49060,0.032929168,0.24464901,0.277578178,-37420,86,0.12,0.3
87,Sb2_3_87,Sb2_3,-76.2837213984,42.35967227,7.76475,0.306876,6461.82,N36109SU1_0390_0560,71769,1452,11759,13211,0.020231576,0.163845114,0.18407669,-10307,87,0.12,0.3
88,Sb2_3_88,Sb2_3,-76.4290698195,42.3158858398,8.29112,0.293553,10263.7,N36109SU2_0470_0590,113770,852,9680,10532,0.007488793,0.085083941,0.092572734,-8828,88,0.12,0.3
89,Sb2_3_89,Sb2_3,-76.4118472925,42.2183211508,10.568,0.302732,28416.87,N36107SU2_0470_0590,315836,14013,68709,82722,0.044367963,0.217546448,0.261914411,-54696,89,0.12,0.3
90,Sb2_3_90,Sb2_3,-76.2613823502,42.2813766485,10.0175,0.306876,13576.88,N36107SU1_0390_0560,150935,3545,34176,37721,0.023486931,0.226428595,0.249915527,-30631,90,0.12,0.3
91,Sb2_3_91,Sb2_3,-76.5879662304,42.198406561,11.8831,0.30086,13256.56,N36015SU2_0450_0720,147322,822,22209,23031,0.005579615,0.150751415,0.15633103,-21387,91,0.12,0.3
92,Sb2_3_92,Sb2_3,-76.6491369676,42.3276236539,8.93589,0.290705,7129.51,N36109SU2_0450_0720,78928,1408,6890,8298,0.017839043,0.08729475,0.105133793,-5482,92,0.12,0.3
93,Sb2_3_93,Sb2_3,-76.5283604046,42.0935330721,18.9116,0.305079,6279.06,N36107SU2_0450_0720,69803,786,11426,12212,0.011260261,0.16368924,0.174949501,-10640,93,0.12,0.3
94,Sb2_3_94,Sb2_3,-76.6970774684,42.3208626433,13.2394,0.306161,9672.33,N36097SU2_0450_0720,107400,3075,14168,17243,0.028631285,0.131918063,0.160549348,-11093,94,0.12,0.3
95,Sb2_3_95,Sb2_3,-76.1203525111,42.2166266267,5.15124,0.310147,7728.88,N36107SU2_0440_0550,85936,432,27473,27905,0.005026997,0.319691398,0.324718395,-27041,95,0.12,0.3
96,Sb2_3_96,Sb2_3,-76.0492704641,42.2305098345,9.3835,0.30777,21779.21,N36007SU2_0440_0550,242135,3025,64239,67264,0.012493031,0.265302414,0.277795445,-61214,96,0.12,0.3
97,Sb2_3_97,Sb2_3,-76.1810407087,42.2910975664,10.4478,0.303654,18186.58,N36107SU1_0330_0560,202207,5529,52013,57542,0.027343267,0.257226506,0.284569773,-46484,97,0.12,0.3
98,Sb2_3_98,Sb2_3,-76.1817874237,42.4463868752,8.11756,0.30507,7577.09,N36023SU1_0330_0560,84146,3077,16550,19627,0.036567395,0.196681958,0.233249352,-13473,98,0.12,0.3
99,Sb2_3_99,Sb2_3,-76.007352135,41.9577842474,9.84291,0.307552,7896.38,N42115SU6_0500_0550,87797,105,14573,14678,0.001195941,0.16598517,0.167181111,-14468,99,0.12,0.3
100,Sb2_3_100,Sb2_3,-75.995243637,42.0976588268,12.7713,0.30041,21173.01,N36007SU6_0500_0550,235407,81,27657,27738,0.000344085,0.117485886,0.117829971,-27576,100,0.12,0.3
101,Sb2_3_101,Sb2_3,-76.3820516537,42.0761716911,15.0952,0.309472,35743.31,N36107SU7_0540_0720,397329,21960,111054,133014,0.055269059,0.27950137,0.33477043,-89094,101,0.12,0.3
102,Sb2_3_102,Sb2_3,-76.2765109324,41.9600209031,14.673,0.302242,18064.89,N42015SU7_0540_0720,200824,2952,52569,55521,0.014699438,0.261766522,0.27646596,-49617,102,0.12,0.3
103,Sb2_3_103,Sb2_3,-76.1805502319,42.0802275087,10.7814,0.30234,19752.19,N36107SU7_0550_0540,219593,3738,52733,56471,0.017022401,0.240139713,0.257162114,-48995,103,0.12,0.3
104,Sb3_1_104,Sb3_1,-76.6254329731,41.6328267703,14.9642,0.293321,20159.46,N42015SU1_0940_0900,224078,79,959,1038,0.000352556,0.00427976,0.004632316,-880,104,0.12,0.3
105,Sb3_1_105,Sb3_1,-75.9399243486,41.7150386723,8.52925,0.288079,25045.03,N42115SU2_0760_0960,278453,1894,103113,105007,0.006801866,0.370306659,0.377108525,-101219,105,0.12,0.3
106,Sb3_1_106,Sb3_1,-76.5096916929,41.8736420828,61.1538,0.300253,13581.96,N42015SU7_0750_0850,150996,13772,41517,55289,0.091207714,0.274954303,0.366162018,-27745,106,0.12,0.3
107,Sb3_1_107,Sb3_1,-76.699365029,41.8118959637,13.9457,0.296742,49146.39,N42015SU2_0800_0850,546226,15956,230989,246945,0.029211352,0.422881738,0.45209309,-215033,107,0.12,0.3
108,Sb3_1_108,Sb3_1,-76.008192712,41.565068909,47.3897,0.293193,6157.27,N42131SU7_0950_1010,68468,2910,16964,19874,0.042501607,0.247765379,0.290266986,-14054,108,0.12,0.3
109,Sb3_1_109,Sb3_1,-75.7766181207,41.4438934651,30.2603,0.28702,9139.0,N42069SU7_0980_1120,101605,2403,30010,32413,0.023650411,0.29535948,0.319009891,-27607,109,0.12,0.3
110,Sb3_1_110,Sb3_1,-76.341513743,41.8180149714,42.3874,0.298781,48849.3,N42015SU7_0730_0860,543029,17576,181894,199470,0.032366596,0.334961853,0.367328448,-164318,110,0.12,0.3
111,Sb3_1_111,Sb3_1,-75.5949446464,41.6790259356,9.9415,0.293407,12156.47,N42115SU2_0780_0710,135176,650,35670,36320,0.004808546,0.263878203,0.268686749,-35020,111,0.12,0.3
112,Sb3_1_112,Sb3_1,-75.9263032689,41.5742979512,21.0944,0.301949,5504.44,N42131SU3_0910_1010,61195,1278,12822,14100,0.020884059,0.209526922,0.230410981,-11544,112,0.12,0.3
113,Sb3_1_113,Sb3_1,-75.8269916457,41.5949881456,20.592,0.301936,13985.93,N42131SU3_0710_0910,155512,3410,38618,42028,0.021927568,0.248328103,0.270255672,-35208,113,0.12,0.3
114,Sb3_1_114,Sb3_1,-76.7292196102,41.6859335721,12.5634,0.29059,30519.42,N42015SU2_0890_0900,339210,13640,136208,149848,0.040211079,0.401544766,0.441755844,-122568,114,0.12,0.3
115,Sb3_1_115,Sb3_1,-76.4414976861,41.6472529925,17.206,0.298315,15727.81,N42015SU3_0870_0730,174848,3613,32656,36269,0.020663662,0.186767936,0.207431598,-29043,115,0.12,0.3
116,Sb3_1_116,Sb3_1,-76.1363550378,41.6169614858,55.0912,0.296323,7441.98,N42131SU7_0860_0960,82735,4828,17492,22320,0.058354989,0.21142201,0.269776999,-12664,116,0.12,0.3
117,Sb3_1_117,Sb3_1,-76.0938960261,41.7040345516,7.04939,0.296308,5010.18,N42115SU7_0860_0960,55698,436,22713,23149,0.007827929,0.40778843,0.41561636,-22277,117,0.12,0.3
118,Sb3_1_118,Sb3_1,-75.7903617096,41.7392705416,10.7774,0.300176,20730.17,N42115SU3_0710_0910,230512,1346,69921,71267,0.005839175,0.303329111,0.309168286,-68575,118,0.12,0.3
119,Sb3_1_119,Sb3_1,-76.018432409,41.8339699622,12.1675,0.304845,36923.58,N42115SU2_0700_0860,410499,2859,105951,108810,0.006964694,0.258102943,0.265067637,-103092,119,0.12,0.3
120,Sb3_1_120,Sb3_1,-76.1007159317,41.4360758194,18.47,0.301939,6837.16,H42131SU2_1020_0980,76002,0,482,482,0.0,0.006341938,0.006341938,-482,120,0.12,0.3
121,Sb3_1_121,Sb3_1,-76.0082278751,41.454083847,18.4161,0.297942,16135.83,N42131SU2_1020_0980,179386,3387,31080,34467,0.018881072,0.173257668,0.19213874,-27693,121,0.12,0.3
122,Sb3_1_122,Sb3_1,-76.195773847,41.3563680679,10.3356,0.296323,5050.89,H42079SU2_1020_0980,56140,0,6,6,0.0,0.000106876,0.000106876,-6,122,0.12,0.3
123,Sb3_1_123,Sb3_1,-75.6798881396,41.5668884323,10.9653,0.30193,20492.46,N42069SU3_0710_0910,227874,1065,58278,59343,0.004673635,0.255746597,0.260420232,-57213,123,0.12,0.3
124,Sb3_1_124,Sb3_1,-76.1910558668,41.4210617596,10.5217,0.296323,8064.83,H42131SU2_0990_0950,89660,0,69,69,0.0,0.000769574,0.000769574,-69,124,0.12,0.3
125,Sb3_1_125,Sb3_1,-75.6502460248,41.7770419625,11.0688,0.294781,26544.99,N42115SU1_0660_0710,295131,1945,64875,66820,0.006590294,0.21981764,0.226407934,-62930,125,0.12,0.3
126,Sb3_1_126,Sb3_1,-76.2549543087,41.6429768227,26.4271,0.296308,24506.06,N42015SU7_0860_0960,272449,6126,72377,78503,0.022484942,0.265653388,0.28813833,-66251,126,0.12,0.3
127,Sb3_1_127,Sb3_1,-75.8749928591,41.4771045978,43.7983,0.30193,15422.46,N42131SU7_0980_1120,171460,4668,36284,40952,0.027225009,0.21161787,0.238842879,-31616,127,0.12,0.3
128,Sb3_1_128,Sb3_1,-76.1996097222,41.7858200621,14.9522,0.299289,20048.54,N42015SU2_0700_0860,222899,4797,70163,74960,0.021520958,0.314774853,0.336295811,-65366,128,0.12,0.3
129,Sb3_1_129,Sb3_1,-76.1546060706,41.5119721219,23.9264,0.301939,15414.55,N42131SU2_0990_0950,171365,655,19068,19723,0.003822251,0.111271263,0.115093514,-18413,129,0.12,0.3
130,Sb3_2_130,Sb3_2,-76.0477788495,41.1845756039,37.4071,0.264549,76538.13,N42079SU7_1140_1420,850905,16372,79966,96338,0.019240691,0.093977589,0.113218279,-63594,130,0.12,0.3
131,Sb3_2_131,Sb3_2,-75.8243265819,41.2972263321,138.768,0.220509,7550.7,L42079SU7_1120_1140,83943,1250,1126,2376,0.014891057,0.013413864,0.028304921,124,131,0.12,0.3
132,Sb3_2_132,Sb3_2,-75.8756237972,41.3007407379,8.28207,0.272895,19614.47,N42079SU7_1120_1140,218052,116,19876,19992,0.000531983,0.091152569,0.091684552,-19760,132,0.12,0.3
133,Sb3_2_133,Sb3_2,-75.6687123933,41.4109122703,26.4415,0.25727,10738.17,L42069SU3_0970_1120,119414,169,1977,2146,0.001415244,0.016555848,0.017971092,-1808,133,0.12,0.3
134,Sb3_2_134,Sb3_2,-75.587839097,41.3824988111,10.7914,0.290899,45746.07,N42069SU3_0970_1120,508311,34,24627,24661,6.68882e-05,0.048448686,0.048515574,-24593,134,0.12,0.3
135,Sb3_2_135,Sb3_2,-76.2384344196,41.2399661197,8.49568,0.287202,20908.95,N42079SU2_1200_1310,232447,9651,42208,51859,0.041519142,0.181581178,0.22310032,-32557,135,0.12,0.3
136,Sb3_2_136,Sb3_2,-76.3722323668,41.2253092005,16.9349,0.293193,16630.84,N42037SU2_1210_1310,184855,13625,36342,49967,0.073706419,0.196597333,0.270303752,-22717,136,0.12,0.3
137,Sb3_2_137,Sb3_2,-75.4959077924,41.7673541777,9.38909,0.303887,6680.47,H42115SU2_0670_0810,74272,46,12676,12722,0.000619345,0.17066997,0.171289315,-12630,137,0.12,0.3
138,Sb3_2_138,Sb3_2,-76.6259538564,41.0033630701,11.2467,0.283627,8089.1,N42093SU8_1530_1760,89906,14449,19208,33657,0.1607123,0.213645363,0.374357662,-4759,138,0.12,0.3
139,Sb3_2_139,Sb3_2,-76.7113891641,40.9229852643,39.7497,0.296432,12087.24,N42097SU8_1530_1760,134342,32916,11143,44059,0.245016451,0.082945021,0.327961471,21773,139,0.12,0.3
140,Sb3_2_140,Sb3_2,-76.3294289973,40.9494108813,20.5643,0.269889,16424.96,N42037SU2_1550_1620,182588,17029,12967,29996,0.093264618,0.071017811,0.164282428,4062,140,0.12,0.3
141,Sb3_2_141,Sb3_2,-76.1668921419,40.883357946,14.7794,0.301943,19620.87,N42107SU2_1550_1620,218084,17170,11373,28543,0.078731131,0.05214963,0.130880762,5797,141,0.12,0.3
142,Sb3_2_142,Sb3_2,-76.4087020331,40.8802380542,12.3134,0.286193,20166.7,N42037SU1_1630_1610,224195,57640,24339,81979,0.257097616,0.108561743,0.365659359,33301,142,0.12,0.3
143,Sb3_2_143,Sb3_2,-76.039339257,40.9719515694,11.745,0.295957,14858.26,N42079SU1_1480_1500,165016,3770,3925,7695,0.022846269,0.023785572,0.046631842,-155,143,0.12,0.3
144,Sb3_2_144,Sb3_2,-76.4248841258,41.3306192079,17.8589,0.294479,11321.11,H42113SU2_1210_1310,125836,0,176,176,0.0,0.001398646,0.001398646,-176,144,0.12,0.3
145,Sb3_2_145,Sb3_2,-75.5181021589,41.5734343085,14.489,0.296093,13048.16,N42069SU3_0810_0970,145060,0,14069,14069,0.0,0.096987453,0.096987453,-14069,145,0.12,0.3
146,Sb3_2_146,Sb3_2,-76.497919238,41.0993466445,16.4872,0.298944,26665.2,N42037SU3_1280_1590,296414,41491,75776,117267,0.139976519,0.255642446,0.395618965,-34285,146,0.12,0.3
147,Sb3_2_147,Sb3_2,-75.9562597856,41.0533188528,8.1276,0.279279,24544.94,N42079SU2_1290_1500,272657,14872,24931,39803,0.054544721,0.091437227,0.145981948,-10059,147,0.12,0.3
148,Sb3_2_148,Sb3_2,-76.4371480259,41.141418781,13.5231,0.301949,11247.67,N42037SU3_1310_1280,125048,19599,38511,58110,0.156731815,0.30796974,0.464701555,-18912,148,0.12,0.3
149,Sb3_2_149,Sb3_2,-76.3218470742,41.0447633836,42.2298,0.301949,17374.61,N42037SU7_1420_1590,193144,35242,35864,71106,0.182464897,0.185685292,0.368150188,-622,149,0.12,0.3
150,Sb4_1_150,Sb4_1,-78.8476761555,40.7906886456,6.86786,0.294986,16321.79,N42063SW2_1950_1940,180874,9609,30535,40144,0.05312538,0.168819178,0.221944558,-20926,150,0.12,0.3
151,Sb4_1_151,Sb4_1,-78.6752512439,40.6154391074,9.6918,0.297555,19098.61,N42021SW2_2020_1940,211839,26594,37846,64440,0.125538735,0.178654544,0.304193279,-11252,151,0.12,0.3
152,Sb4_1_152,Sb4_1,-78.5575954463,41.0406905983,12.1172,0.267376,34482.46,N42033SW4_1720_1650,382511,1019,42360,43379,0.002663976,0.110741913,0.113405889,-41341,152,0.12,0.3
153,Sb4_1_153,Sb4_1,-78.0930363898,40.924195077,11.0928,0.238007,36133.93,N42027SW3_1750_1540,401140,195,4743,4938,0.000486115,0.011823802,0.012309917,-4548,153,0.12,0.3
154,Sb4_1_154,Sb4_1,-78.2023660778,40.9494987161,14.0243,0.264117,17093.76,N42033SW3_1750_1540,189739,987,15304,16291,0.005201883,0.080658167,0.08586005,-14317,154,0.12,0.3
155,Sb4_1_155,Sb4_1,-78.672088439,40.8002606547,11.6771,0.294648,14418.23,N42033SW2_2020_1940,159943,3057,15392,18449,0.019113059,0.096234283,0.115347342,-12335,155,0.12,0.3
156,Sb4_1_156,Sb4_1,-78.3616401142,40.9918766262,18.115,0.258183,5896.77,N42033SW3_1800_1650,65431,1193,6137,7330,0.018232948,0.093793462,0.11202641,-4944,156,0.12,0.3
157,Sb4_1_157,Sb4_1,-77.9881990825,41.1413120323,34.7671,0.238295,14967.42,N42027SW5_1540_1400,166171,241,2356,2597,0.001450313,0.014178166,0.015628479,-2115,157,0.12,0.3
158,Sb4_1_158,Sb4_1,-78.6455142303,40.9494338052,47.6306,0.267376,13678.76,N42033SW4_1860_1720,151683,568,16647,17215,0.003744652,0.10974862,0.113493272,-16079,158,0.12,0.3
159,Sb4_1_159,Sb4_1,-78.5389437029,40.6171517749,8.01411,0.267666,42090.1,N42021SW3_1870_1800,466996,26641,43925,70566,0.057047598,0.094058621,0.151106219,-17284,159,0.12,0.3
160,Sb4_1_160,Sb4_1,-78.4849125466,40.8444612185,12.071,0.262992,53530.8,N42033SW3_1870_1800,594012,7405,81655,89060,0.012466078,0.137463553,0.149929631,-74250,160,0.12,0.3
161,Sb4_1_161,Sb4_1,-77.9826246172,41.2120046769,20.2562,0.231477,13400.99,N42035SW5_1540_1400,148796,0,1387,1387,0.0,0.009321487,0.009321487,-1387,161,0.12,0.3
162,Sb4_1_162,Sb4_1,-78.183485357,41.1765116805,14.3234,0.24684,22153.91,N42033SW5_1540_1400,245916,46,3166,3212,0.000187056,0.012874315,0.013061371,-3120,162,0.12,0.3
163,Sb4_1_163,Sb4_1,-78.7653769379,40.822417541,12.9882,0.285849,15235.33,N42033SW2_1950_1940,168945,5785,20358,26143,0.034241913,0.120500755,0.154742668,-14573,163,0.12,0.3
164,Sb4_1_164,Sb4_1,-78.7671593956,40.6554134364,10.4098,0.307487,12098.46,N42021SW2_1950_1940,134198,5484,18622,24106,0.040864991,0.138765108,0.179630099,-13138,164,0.12,0.3
165,Sb4_1_165,Sb4_1,-78.3432609923,40.829327069,5.73307,0.277941,8705.64,N42033SW3_1920_1750,96615,389,10363,10752,0.00402629,0.107260777,0.111287067,-9974,165,0.12,0.3
166,Sb4_1_166,Sb4_1,-78.2947411248,40.7875101738,8.31784,0.250267,8882.95,N42027SW3_1920_1750,98602,0,1277,1277,0.0,0.012951056,0.012951056,-1277,166,0.12,0.3
167,Sb4_1_167,Sb4_1,-78.3009675625,41.0809652796,14.6126,0.264117,56889.66,N42033SW5_1650_1540,631440,6528,41505,48033,0.010338274,0.065730711,0.076068985,-34977,167,0.12,0.3
168,Sb4_2_168,Sb4_2,-78.1897109866,41.4667441947,18.661,0.272919,18338.53,N42023SW3_1270_1370,203582,117,3088,3205,0.000574707,0.015168335,0.015743042,-2971,168,0.12,0.3
169,Sb4_2_169,Sb4_2,-78.5279696634,41.1989624712,10.3973,0.275917,24808.38,N42033SW2_1360_1430,275247,173,7050,7223,0.000628526,0.025613358,0.026241885,-6877,169,0.12,0.3
170,Sb4_2_170,Sb4_2,-78.3366041958,41.5392743633,20.235,0.269629,23106.93,N42023SW2_1240_1270,256398,101,3455,3556,0.000393919,0.013475144,0.013869063,-3354,170,0.12,0.3
171,Sb4_2_171,Sb4_2,-78.2696051523,41.37248247,15.6053,0.283381,16558.84,N42023SW2_1360_1430,183790,78,2187,2265,0.000424397,0.01189945,0.012323848,-2109,171,0.12,0.3
172,Sb4_2_172,Sb4_2,-77.989517404,41.2795079025,43.8229,0.283604,7379.9,N42035SW4_1490_1400,81928,0,588,588,0.0,0.007177033,0.007177033,-588,172,0.12,0.3
173,Sb4_2_173,Sb4_2,-78.1182975177,41.2760092488,25.5177,0.273054,11047.88,N42023SW4_1490_1400,122647,30,522,552,0.000244604,0.004256117,0.004500722,-492,173,0.12,0.3
174,Sb4_2_174,Sb4_2,-78.4260165635,41.3252039352,15.6053,0.283381,53554.19,N42047SW2_1360_1430,594137,324,18268,18592,0.000545329,0.030747117,0.031292446,-17944,174,0.12,0.3
175,Sb4_2_175,Sb4_2,-78.1627347436,41.6266963403,17.4344,0.280121,6036.57,N42105SW1_1170_1270,66984,0,1987,1987,0.0,0.0296638,0.0296638,-1987,175,0.12,0.3
176,Sb4_2_176,Sb4_2,-78.1541196578,41.3837877673,34.5359,0.273054,5548.87,N42023SW3_1370_1430,61599,493,662,1155,0.008003377,0.010746928,0.018750304,-169,176,0.12,0.3
177,Sb4_2_177,Sb4_2,-78.4751437752,41.5032405617,11.7894,0.288484,14153.29,N42047SW2_1240_1270,156942,32,8987,9019,0.000203897,0.057263193,0.05746709,-8955,177,0.12,0.3
178,Sb4_2_178,Sb4_2,-78.0561573071,41.3721559536,30.059,0.265894,6087.69,N42023SW3_1380_1490,67582,7,508,515,0.000103578,0.007516794,0.007620372,-501,178,0.12,0.3
179,Sb4_2_179,Sb4_2,-77.9994100275,41.6225093057,20.8211,0.279892,52757.16,N42105SW3_1090_1091,585364,763,24651,25414,0.001303462,0.042112258,0.043415721,-23888,179,0.12,0.3
180,Sb4_2_180,Sb4_2,-78.0396819433,41.4313865614,45.3733,0.265894,5438.67,N42023SW3_1091_1380,60386,12,512,524,0.000198722,0.008478786,0.008677508,-500,180,0.12,0.3
181,Sb4_2_181,Sb4_2,-78.2116646149,41.5672843336,23.2982,0.287026,8195.74,N42023SW1_1170_1270,90980,19,2091,2110,0.000208837,0.022983073,0.02319191,-2072,181,0.12,0.3
182,Sb4_3_182,Sb4_3,-77.874142589,41.0847886672,12.6732,0.232362,30092.42,N42027SW0_1520_1600,334150,207,5437,5644,0.000619482,0.016271136,0.016890618,-5230,182,0.12,0.3
183,Sb4_3_183,Sb4_3,-77.7008905716,40.9815603385,15.7753,0.242096,18883.73,N42027SW3_1690_1660,209715,24621,20827,45448,0.117402189,0.09931097,0.216713158,3794,183,0.12,0.3
184,Sb4_3_184,Sb4_3,-77.7856571977,40.7862843284,7.05534,0.278054,15025.62,N42027SW1_1910_1890,166878,38491,23089,61580,0.230653531,0.138358561,0.369012093,15402,184,0.12,0.3
185,Sb4_3_185,Sb4_3,-77.5860232544,40.9561507814,10.9246,0.242096,13258.63,N42027SW3_1580_1440,147261,20457,9512,29969,0.138916617,0.064592798,0.203509415,10945,185,0.12,0.3
186,Sb4_3_186,Sb4_3,-77.4166671368,41.0536927171,18.0007,0.274024,41737.49,N42035SW3_1580_1440,463642,68977,47047,116024,0.148772113,0.101472688,0.250244801,21930,186,0.12,0.3
187,Sb4_3_187,Sb4_3,-77.7349616436,41.0455506693,15.1714,0.233926,12298.44,N42027SW3_1660_1580,136600,5445,15261,20706,0.039860908,0.111720351,0.151581259,-9816,187,0.12,0.3
188,Sb4_3_188,Sb4_3,-77.7681232849,41.1756440616,13.7279,0.233912,9456.56,N42035SW0_1520_1600,105017,0,1281,1281,0.0,0.012198025,0.012198025,-1281,188,0.12,0.3
189,Sb4_3_189,Sb4_3,-77.8583415596,40.8257462437,8.86001,0.283214,6809.3,N42027SW1_1890_1830,75603,11711,10182,21893,0.154901261,0.134677195,0.289578456,1529,189,0.12,0.3
190,Sb4_3_190,Sb4_3,-77.8155331353,40.8693531142,9.96354,0.271662,15997.71,N42027SW1_1830_1690,177626,33026,23785,56811,0.185929988,0.133904946,0.319834934,9241,190,0.12,0.3
191,Sb4_3_191,Sb4_3,-77.9744401468,40.8799532227,14.2001,0.245305,30822.99,N42027SW2_1770_1690,342235,5081,29039,34120,0.014846524,0.084851053,0.099697576,-23958,191,0.12,0.3
192,Sb4_4_192,Sb4_4,-77.7332046045,41.5846042208,20.2095,0.29066,31984.31,N42105SW2_1100_1130,355234,1959,16669,18628,0.005514675,0.046923999,0.052438674,-14710,192,0.12,0.3
193,Sb4_4_193,Sb4_4,-77.8027335586,41.3328989045,25.3438,0.253923,13305.18,N42035SW6_1330_1230,147748,0,1412,1412,0.0,0.009556813,0.009556813,-1412,193,0.12,0.3
194,Sb4_4_194,Sb4_4,-77.8938840219,41.5154109002,19.5999,0.278698,9015.11,N42105SW3_1130_1390,100096,12,1198,1210,0.000119885,0.01196851,0.012088395,-1186,194,0.12,0.3
195,Sb4_4_195,Sb4_4,-77.9135390302,41.4169744069,45.4422,0.278482,15394.5,N42035SW3_1130_1390,170956,0,3883,3883,0.0,0.022713447,0.022713447,-3883,195,0.12,0.3
196,Sb4_4_196,Sb4_4,-77.9015617412,41.2936556959,31.2742,0.265868,10873.54,N42035SW6_1400_1330,120735,111,823,934,0.000919369,0.006816582,0.007735951,-712,196,0.12,0.3
197,Sb4_4_197,Sb4_4,-77.6685130801,41.5036503637,13.8358,0.262355,7005.75,N42105SW6_1230_1440,77806,0,362,362,0.0,0.004652597,0.004652597,-362,197,0.12,0.3
198,Sb4_4_198,Sb4_4,-77.3539453956,41.1591294965,18.3725,0.282402,16705.21,N42035SW6_1440_1470,185602,14196,9964,24160,0.076486245,0.053684766,0.130171011,4232,198,0.12,0.3
199,Sb4_4_199,Sb4_4,-77.6187720838,41.2938932246,24.564,0.262355,88156.44,N42035SW6_1230_1440,979115,2796,15082,17878,0.00285564,0.015403706,0.018259346,-12286,199,0.12,0.3
200,Sb4_5_200,Sb4_5,-77.7775751469,41.7096916624,15.7383,0.2823,18567.83,N42105SW2_1050_0930,206171,122,4072,4194,0.000591742,0.019750595,0.020342337,-3950,200,0.12,0.3
201,Sb4_5_201,Sb4_5,-77.2826813616,41.64538642,14.3485,0.280274,33237.74,N42117SW2_1000_1110,369288,7810,54820,62630,0.021148805,0.148447824,0.169596629,-47010,201,0.12,0.3
202,Sb4_5_202,Sb4_5,-77.4627869292,41.5808977624,24.1991,0.278363,6559.07,H42117SW4_1110_1150,72830,17,145,162,0.00023342,0.001990938,0.002224358,-128,202,0.12,0.3
203,Sb4_5_203,Sb4_5,-77.3820366947,41.5175717608,38.334,0.297977,6409.03,N42081SW4_1110_1150,71211,238,3559,3797,0.00334218,0.049978234,0.053320414,-3321,203,0.12,0.3
204,Sb4_5_204,Sb4_5,-77.325572487,41.2579721406,43.0758,0.298994,9279.52,N42081SW5_1350_1470,103081,3150,5738,8888,0.030558493,0.055664963,0.086223455,-2588,204,0.12,0.3
205,Sb4_5_205,Sb4_5,-77.6342673672,41.7704209165,16.687,0.297407,10641.56,N42105SW3_0930_1110,118184,161,14824,14985,0.001362283,0.12543153,0.126793813,-14663,205,0.12,0.3
206,Sb4_5_206,Sb4_5,-77.7488411932,41.8181442103,15.2111,0.311728,24258.84,N42105SW2_0880_0930,269261,3004,20194,23198,0.011156462,0.074997865,0.086154326,-17190,206,0.12,0.3
207,Sb4_5_207,Sb4_5,-77.4760063934,41.4235074033,30.7863,0.300045,33580.98,N42081SW4_1150_1350,373042,158,3897,4055,0.000423545,0.010446545,0.01087009,-3739,207,0.12,0.3
208,Sb4_5_208,Sb4_5,-77.267561453,41.4571046483,23.1381,0.297977,36263.29,N42081SW3_1080_1350,402890,3003,25806,28809,0.007453647,0.064052223,0.07150587,-22803,208,0.12,0.3
209,Sb4_5_209,Sb4_5,-77.1583741307,41.5796295878,6.44377,0.304756,10471.79,N42117SW3_1080_1350,116376,1466,28504,29970,0.012597099,0.244930226,0.257527325,-27038,209,0.12,0.3
210,Sb4_5_210,Sb4_5,-77.4433646542,41.7439349556,22.8267,0.29471,49654.83,N42117SW3_0930_1110,551574,5511,56864,62375,0.009991406,0.103094054,0.113085461,-51353,210,0.12,0.3
211,Sb4_6_211,Sb4_6,-76.9019621872,41.421717287,13.1257,0.300054,9498.34,N42081SW1_1160_1260,105570,676,10462,11138,0.006403334,0.099100123,0.105503457,-9786,211,0.12,0.3
212,Sb4_6_212,Sb4_6,-77.2266487545,41.3444130964,15.8431,0.29133,22965.93,N42081SW3_1250_1340,255177,4932,33950,38882,0.019327761,0.133044906,0.152372667,-29018,212,0.12,0.3
213,Sb4_6_213,Sb4_6,-76.6880101676,41.5334885048,16.2598,0.2868,9518.76,L42113SW3_1060_1260,105793,563,16380,16943,0.005321713,0.15483066,0.160152373,-15817,213,0.12,0.3
214,Sb4_6_214,Sb4_6,-76.4011565161,41.4028356423,4.25096,0.283627,6435.16,H42113SW2_1070_1060,71532,0,179,179,0.0,0.002502377,0.002502377,-179,214,0.12,0.3
215,Sb4_6_215,Sb4_6,-76.4148159781,41.4602022472,11.8486,0.301274,26738.19,N42113SW2_1070_1060,297231,43,7169,7212,0.000144669,0.024119288,0.024263956,-7126,215,0.12,0.3
216,Sb4_6_216,Sb4_6,-76.4845044895,41.5276396676,13.9921,0.302044,16672.99,N42113SW2_1030_1060,185324,2438,51309,53747,0.013155339,0.276861065,0.290016404,-48871,216,0.12,0.3
217,Sb4_6_217,Sb4_6,-76.943702898,41.5070779928,19.4855,0.297828,31928.67,N42081SW3_1040_1220,354812,1469,11240,12709,0.004140221,0.031678748,0.035818969,-9771,217,0.12,0.3
218,Sb4_6_218,Sb4_6,-76.9890471448,41.5927977607,13.3581,0.297828,12113.5,N42117SW3_1040_1220,134612,1657,44523,46180,0.012309452,0.330750602,0.343060054,-42866,218,0.12,0.3
219,Sb4_6_219,Sb4_6,-76.6883260104,41.4591091414,19.8346,0.2868,19474.0,N42113SW3_1060_1260,216472,2898,9057,11955,0.013387413,0.041839129,0.055226542,-6159,219,0.12,0.3
220,Sb4_6_220,Sb4_6,-77.1251194783,41.2191279794,75.4473,0.297391,18203.61,N42081SW7_1340_1320,202263,17654,37115,54769,0.0872824,0.183498712,0.270781112,-19461,220,0.12,0.3
221,Sb4_6_221,Sb4_6,-76.9719235397,41.1497393472,15.8939,0.299014,23585.64,N42081SW7_1410_1460,262164,34134,29417,63551,0.130200943,0.112208389,0.242409332,4717,221,0.12,0.3
222,Sb4_6_222,Sb4_6,-76.8409659288,41.1297946806,23.6117,0.30193,6502.91,N42097SW7_1410_1460,72256,24750,13307,38057,0.342532108,0.184164637,0.526696745,11443,222,0.12,0.3
223,Sb4_6_223,Sb4_6,-76.6483777397,41.2510447705,15.9597,0.301949,34397.26,N42081SW2_1190_1410,382294,39507,88958,128465,0.103341931,0.232695255,0.336037186,-49451,223,0.12,0.3
224,Sb4_6_224,Sb4_6,-76.9939465088,41.070240841,19.5399,0.275911,5702.34,N42119SW1_1560_1460,63357,1595,1379,2974,0.025174803,0.021765551,0.046940354,216,224,0.12,0.3
225,Sb4_6_225,Sb4_6,-76.9888992559,41.2474241339,36.6127,0.294479,8589.56,N42081SW7_1320_1300,95435,3215,10540,13755,0.03368785,0.110441662,0.144129512,-7325,225,0.12,0.3
226,Sb4_6_226,Sb4_6,-76.7042417055,41.0149097212,12.1527,0.294758,10073.73,N42093SW1_1510_1680,111963,49030,14677,63707,0.437912525,0.131087949,0.569000473,34353,226,0.12,0.3
227,Sb4_6_227,Sb4_6,-76.6857730875,41.1100280561,7.0594,0.299116,8884.44,N42093SW1_1450_1510,98750,39352,20837,60189,0.398501266,0.211007595,0.609508861,18515,227,0.12,0.3
228,Sb4_6_228,Sb4_6,-76.8062732997,41.0696892196,14.2477,0.299188,12140.99,N42097SW7_1460_1640,134951,60320,18345,78665,0.446977051,0.135938229,0.58291528,41975,228,0.12,0.3
229,Sb4_6_229,Sb4_6,-77.2470554154,41.1017449207,11.5694,0.274024,5986.82,N42035SW7_1470_1340,66524,2630,4796,7426,0.039534604,0.072094282,0.111628886,-2166,229,0.12,0.3
230,Sb4_6_230,Sb4_6,-76.8269082745,41.2537245949,39.2938,0.297561,11318.63,N42081SW7_1300_1410,125798,18583,22946,41529,0.147720949,0.182403536,0.330124485,-4363,230,0.12,0.3
231,Sb4_6_231,Sb4_6,-76.9065770773,41.322549515,21.5205,0.301936,16297.8,N42081SW4_1260_1300,181129,13775,39142,52917,0.07605077,0.216100128,0.292150898,-25367,231,0.12,0.3
232,Sb4_6_232,Sb4_6,-77.1913737743,41.1582678148,25.6786,0.275787,11143.82,N42081SW7_1470_1340,123809,18365,21366,39731,0.14833332,0.172572269,0.320905588,-3001,232,0.12,0.3
233,Sb4_6_233,Sb4_6,-76.923969169,40.9337991337,6.96991,0.303401,5772.76,N42119SW7_1640_1680,64144,25983,3981,29964,0.405072961,0.062063482,0.467136443,22002,233,0.12,0.3
234,Sb4_6_234,Sb4_6,-77.0299447617,40.9782886914,8.55437,0.275911,27238.87,N42119SW1_1570_1640,302678,104512,19009,123521,0.345291035,0.062802714,0.40809375,85503,234,0.12,0.3
235,Sb4_6_235,Sb4_6,-76.5866846436,41.3610565278,16.4756,0.301949,11176.77,N42113SW2_1190_1410,124221,750,6628,7378,0.006037626,0.053356518,0.059394144,-5878,235,0.12,0.3
236,Sb4_6_236,Sb4_6,-77.0821968445,41.3541429389,20.8,0.295289,25619.78,N42081SW3_1220_1320,284686,6399,44259,50658,0.022477396,0.155466022,0.177943418,-37860,236,0.12,0.3
237,Sb4_6_237,Sb4_6,-76.8019050108,41.3936334177,22.2332,0.300054,16866.66,N42081SW3_1060_1260,187434,162,3548,3710,0.000864304,0.01892933,0.019793634,-3386,237,0.12,0.3
238,Sb4_6_238,Sb4_6,-77.16824613,40.9800919769,13.3592,0.275488,6113.35,H42119SW1_1570_1640,67925,14,37,51,0.00020611,0.000544718,0.000750828,-23,238,0.12,0.3
239,Sb5_1_239,Sb5_1,-78.3798377175,40.184689554,12.1108,0.279878,24007.88,N42009SJ2_2570_2660,266417,83676,28932,112608,0.314079057,0.108596674,0.42267573,54744,239,0.12,0.3
240,Sb5_1_240,Sb5_1,-78.5839128841,40.1717442521,12.0538,0.252931,41977.72,N42009SJ2_2530_2820,465663,41057,86598,127655,0.088168912,0.185967105,0.274136017,-45541,240,0.12,0.3
241,Sb5_1_241,Sb5_1,-78.2338273797,40.1738610713,28.3945,0.257783,6652.29,N42009SJ4_2660_2360,73827,1350,3891,5241,0.018285993,0.052704295,0.070990288,-2541,241,0.12,0.3
242,Sb5_1_242,Sb5_1,-78.2407479596,40.2156213938,23.1777,0.278456,5092.57,N42009SJ4_2360_2340,56522,2590,3508,6098,0.045822865,0.062064329,0.107887194,-918,242,0.12,0.3
243,Sb5_1_243,Sb5_1,-78.3584112435,39.9956360734,22.5051,0.257783,60572.95,N42009SJ4_2740_2660,672113,70197,117905,188102,0.104442259,0.175424371,0.27986663,-47708,243,0.12,0.3
244,Sb5_1_244,Sb5_1,-78.2101245931,39.9494148555,11.1695,0.276558,9214.4,N42057SJ4_2740_2660,102155,3677,11643,15320,0.035994322,0.113973863,0.149968186,-7966,244,0.12,0.3
245,Sb5_1_245,Sb5_1,-78.6306158767,40.0027354279,13.1847,0.283873,34662.85,N42009SJ2_2900_2740,384498,15615,58489,74104,0.040611395,0.152117826,0.192729221,-42874,245,0.12,0.3
246,Sb5_1_246,Sb5_1,-78.803510516,39.9754528939,17.2242,0.280144,7131.67,N42111SJ2_2900_2740,78966,245,5345,5590,0.003102601,0.067687359,0.07078996,-5100,246,0.12,0.3
247,Sb5_1_247,Sb5_1,-78.116211089,40.313093492,16.5769,0.278456,48171.69,N42061SJ4_2360_2340,534731,17238,43428,60666,0.03223677,0.081214667,0.113451436,-26190,247,0.12,0.3
248,Sb5_1_248,Sb5_1,-78.4560177791,40.076082322,16.4281,0.286623,6438.16,N42009SJ2_2820_2740,71446,4544,17175,21719,0.063600481,0.240391345,0.303991826,-12631,248,0.12,0.3
249,Sb5_2_249,Sb5_2,-77.9884816931,40.6159600499,18.9785,0.301795,20326.24,N42061SJ4_2060_2010,225647,20397,23785,44182,0.090393402,0.105408005,0.195801407,-3388,249,0.12,0.3
250,Sb5_2_250,Sb5_2,-78.0871704978,40.6657187689,14.7366,0.292281,16197.82,N42061SJ3_1980_2060,179860,47357,14343,61700,0.263299233,0.079745358,0.34304459,33014,250,0.12,0.3
251,Sb5_2_251,Sb5_2,-77.9048720309,40.585898205,14.6366,0.278817,43399.29,N42061SJ4_2010_2210,481871,26438,40030,66468,0.054865306,0.083072026,0.137937332,-13592,251,0.12,0.3
252,Sb5_2_252,Sb5_2,-78.302662737,40.6247120566,14.1249,0.277941,42483.32,N42013SJ3_2040_1980,471492,31400,36472,67872,0.0665971,0.077354441,0.143951541,-5072,252,0.12,0.3
253,Sb5_2_253,Sb5_2,-78.2115579236,40.7636279818,11.8873,0.255192,6107.14,N42027SJ3_2040_1980,67784,175,2138,2313,0.00258173,0.031541367,0.034123097,-1963,253,0.12,0.3
254,Sb5_2_254,Sb5_2,-78.2227250437,40.4117782296,16.0428,0.27601,18852.39,N42013SJ3_2230_2060,209252,65129,14802,79931,0.311246726,0.070737675,0.381984402,50327,254,0.12,0.3
255,Sb5_2_255,Sb5_2,-78.1245776088,40.5463217345,18.5651,0.324109,7985.62,N42061SJ3_2230_2060,88636,12379,13979,26358,0.139661086,0.157712442,0.297373528,-1600,255,0.12,0.3
256,Sb5_2_256,Sb5_2,-78.3780684015,40.4094498955,13.6198,0.278304,58730.64,N42013SJ3_2250_2230,651779,71753,70510,142263,0.110087929,0.10818084,0.218268769,1243,256,0.12,0.3
257,Sb5_2_257,Sb5_2,-78.5225049337,40.4362002835,16.6243,0.249827,10727.11,H42013SJ3_2250_2230,119036,435,2017,2452,0.003654357,0.016944454,0.02059881,-1582,257,0.12,0.3
258,Sb5_2_258,Sb5_2,-77.9867615047,40.7521044468,4.50807,0.289758,15446.86,N42027SJ3_1980_2060,171498,46530,16650,63180,0.271315117,0.09708568,0.368400798,29880,258,0.12,0.3
259,Sb5_3_259,Sb5_3,-77.2305497097,40.5961808056,23.6745,0.284577,27033.29,N42067SJ6_1970_2130,300331,65948,44224,110172,0.219584392,0.147250867,0.366835258,21724,259,0.12,0.3
260,Sb5_3_260,Sb5_3,-77.5977674225,40.6790409691,14.1201,0.251023,47636.37,N42087SJ2_1900_1930,529136,105610,56466,162076,0.19958952,0.106713586,0.306303105,49144,260,0.12,0.3
261,Sb5_3_261,Sb5_3,-77.9718609039,40.166124107,17.3279,0.267515,25739.15,N42061SJ2_2580_2500,285752,11580,38953,50533,0.040524651,0.136317506,0.176842157,-27373,261,0.12,0.3
262,Sb5_3_262,Sb5_3,-78.0479085557,40.0694989889,13.684,0.270688,27064.9,N42057SJ2_2580_2500,300358,11968,39843,51811,0.039845784,0.132651702,0.172497486,-27875,262,0.12,0.3
263,Sb5_3_263,Sb5_3,-77.8822208578,40.305040506,21.1632,0.250267,8795.92,N42061SJ3_2450_2120,97686,8838,17566,26404,0.090473558,0.179821059,0.270294617,-8728,263,0.12,0.3
264,Sb5_3_264,Sb5_3,-77.8425549612,40.2297799259,16.2043,0.261403,15053.58,N42061SJ1_2280_2450,167132,5157,16062,21219,0.03085585,0.096103679,0.126959529,-10905,264,0.12,0.3
265,Sb5_3_265,Sb5_3,-77.9140271465,40.4559249578,28.0488,0.25683,14495.28,N42061SJ5_2210_2320,160931,9140,10486,19626,0.056794527,0.06515836,0.121952887,-1346,265,0.12,0.3
266,Sb5_3_266,Sb5_3,-77.575129333,40.3474786452,15.0742,0.26481,5491.19,N42099SJ3_2160_2170,60987,618,1555,2173,0.010133307,0.025497237,0.035630544,-937,266,0.12,0.3
267,Sb5_3_267,Sb5_3,-77.5792092565,40.4189193931,18.1346,0.271265,33454.16,N42067SJ3_2160_2170,371536,42432,45084,87516,0.114206968,0.121344903,0.235551871,-2652,267,0.12,0.3
268,Sb5_3_268,Sb5_3,-77.7683451758,40.259651344,11.9816,0.296323,10075.8,N42061SJ3_2160_2170,111881,7253,9924,17177,0.064827808,0.088701388,0.153529196,-2671,268,0.12,0.3
269,Sb5_3_269,Sb5_3,-77.9350499752,40.3489171841,35.2188,0.293839,9693.86,N42061SJ5_2320_2120,107647,1567,7061,8628,0.014556839,0.065594025,0.080150863,-5494,269,0.12,0.3
270,Sb5_3_270,Sb5_3,-77.3140246948,40.4497488358,14.2318,0.272687,19016.68,N42099SJ2_2150_2130,211260,32221,29626,61847,0.152518224,0.140234782,0.292753006,2595,270,0.12,0.3
271,Sb5_3_271,Sb5_3,-77.3618020452,40.6230156458,34.1431,0.28643,17613.84,N42067SJ6_1930_1970,195693,31059,22426,53485,0.158712882,0.114597865,0.273310747,8633,271,0.12,0.3
272,Sb5_3_272,Sb5_3,-77.4514540005,40.6642465647,24.2254,0.252859,15808.73,N42087SJ6_1930_1970,175589,16271,19682,35953,0.092665258,0.112091304,0.204756562,-3411,272,0.12,0.3
273,Sb5_3_273,Sb5_3,-77.1788230559,40.5342641263,24.5473,0.284577,13911.57,N42099SJ6_1970_2130,154572,30723,14938,45661,0.198761742,0.096641048,0.29540279,15785,273,0.12,0.3
274,Sb5_3_274,Sb5_3,-77.7216387553,40.4897384513,37.8374,0.261502,32852.56,N42087SJ5_2120_1930,364827,51977,37659,89636,0.142470267,0.103224268,0.245694535,14318,274,0.12,0.3
275,Sb5_3_275,Sb5_3,-77.1146224484,40.4591730761,34.6398,0.273619,13578.69,N42099SJ6_2130_2050,150888,16391,19766,36157,0.108630242,0.130997826,0.239628069,-3375,275,0.12,0.3
276,Sb5_3_276,Sb5_3,-77.5106496036,40.537177924,15.2428,0.252859,9694.49,N42067SJ2_2110_2170,107682,8836,10096,18932,0.082056425,0.093757545,0.175813971,-1260,276,0.12,0.3
277,Sb5_3_277,Sb5_3,-77.7001156995,40.2277654299,11.9012,0.286623,6204.17,N42055SJ3_2160_2170,68882,7622,13752,21374,0.110653001,0.199645771,0.310298772,-6130,277,0.12,0.3
278,Sb6_1_278,Sb6_1,-77.0473454561,40.6446940217,9.6428,0.274585,7262.15,N42067SL8_1880_2030,80690,14994,8835,23829,0.185822283,0.109493122,0.295315405,6159,278,0.12,0.3
279,Sb6_1_279,Sb6_1,-76.7309844876,40.6712402403,16.033,0.283627,9543.42,N42097SL2_1810_2030,106067,47227,12484,59711,0.4452563,0.11769919,0.56295549,34743,279,0.12,0.3
280,Sb6_1_280,Sb6_1,-76.8629248308,40.6761746216,53.6222,0.282189,6630.26,N42097SL8_1880_2030,73681,14793,6868,21661,0.200770891,0.093212633,0.293983524,7925,280,0.12,0.3
281,Sb6_1_281,Sb6_1,-76.7468094593,40.6253912276,19.9051,0.283627,7371.93,N42043SL2_1810_2030,81953,27173,8309,35482,0.331568094,0.101387381,0.432955474,18864,281,0.12,0.3
282,Sb6_1_282,Sb6_1,-76.5220823322,40.6689088583,13.7413,0.266666,25706.95,N42107SL2_1810_2030,285721,72879,20408,93287,0.255070506,0.071426321,0.326496827,52471,282,0.12,0.3
283,Sb6_1_283,Sb6_1,-77.0174614539,40.5762371809,9.43282,0.276606,6226.28,N42099SL8_2030_2080,69185,17941,8468,26409,0.259319217,0.122396473,0.38171569,9473,283,0.12,0.3
284,Sb6_1_284,Sb6_1,-76.7825433469,40.5733467049,11.4989,0.225206,21926.13,N42043SL3_1960_2080,243661,72548,23062,95610,0.297741534,0.094647892,0.392389426,49486,284,0.12,0.3
285,Sb6_1_285,Sb6_1,-76.8754850706,40.4764303555,31.5738,0.285217,22713.54,N42043SL8_2080_2050,252412,51940,33773,85713,0.205774686,0.133801087,0.339575773,18167,285,0.12,0.3
286,Sb6_1_286,Sb6_1,-77.0024620684,40.4976468626,10.4296,0.273619,5457.6,N42099SL8_2080_2050,60638,9644,7614,17258,0.159042185,0.125564827,0.284607012,2030,286,0.12,0.3
287,Sb6_1_287,Sb6_1,-77.135214912,40.7748912773,11.6761,0.28375,44198.26,N42109SL1_1790_1840,491110,88525,61289,149814,0.180254933,0.124796889,0.305051821,27236,287,0.12,0.3
288,Sb6_1_288,Sb6_1,-76.9996659248,40.7027812369,17.533,0.279831,20335.28,N42109SL8_1880_2030,225962,58393,35042,93435,0.258419557,0.155079173,0.41349873,23351,288,0.12,0.3
289,Sb6_1_289,Sb6_1,-76.8107670295,40.7933307018,39.2353,0.290336,6273.29,N42097SL8_1780_1880,69716,14106,7236,21342,0.202335188,0.10379253,0.306127718,6870,289,0.12,0.3
290,Sb6_1_290,Sb6_1,-76.6847208741,40.7366398165,21.0994,0.277892,21424.66,N42097SL2_1670_1880,238128,49300,17008,66308,0.207031512,0.071423772,0.278455285,32292,290,0.12,0.3
291,Sb6_1_291,Sb6_1,-76.2653441011,40.7889521325,17.1556,0.270645,18066.0,N42107SL2_1670_1880,200728,8209,3879,12088,0.040896138,0.019324658,0.060220796,4330,291,0.12,0.3
292,Sb6_1_292,Sb6_1,-76.6614548883,40.8408780602,14.9188,0.280297,21289.72,N42097SL1_1700_1780,236608,53386,32619,86005,0.225630579,0.137860935,0.363491513,20767,292,0.12,0.3
293,Sb6_1_293,Sb6_1,-77.532332295,40.8609937013,10.8969,0.261617,45014.93,N42027SL3_1710_1740,500009,85732,73173,158905,0.171460914,0.146343366,0.31780428,12559,293,0.12,0.3
294,Sb6_1_294,Sb6_1,-77.3169878114,40.9315307857,11.0561,0.275488,10190.93,H42027SL3_1710_1740,113227,659,1600,2259,0.005820167,0.014130905,0.019951072,-941,294,0.12,0.3
295,Sb6_1_295,Sb6_1,-76.5099136514,40.7862164164,15.3955,0.274902,12441.65,N42097SL1_1730_1700,138288,511,1205,1716,0.003695187,0.008713699,0.012408886,-694,295,0.12,0.3
296,Sb6_1_296,Sb6_1,-76.9463718943,40.8448628583,19.3826,0.28375,13949.59,N42109SL3_1740_1840,155013,55081,22524,77605,0.355331488,0.145303942,0.500635431,32557,296,0.12,0.3
297,Sb6_1_297,Sb6_1,-77.2208829763,40.8734723009,16.8753,0.275488,18478.39,N42119SL3_1710_1740,205301,33669,11120,44789,0.163998227,0.054164373,0.2181626,22549,297,0.12,0.3
298,Sb6_2_298,Sb6_2,-76.9772415193,40.136544345,15.1724,0.280144,9926.84,N42133SL3_2400_2440,110332,8667,24119,32786,0.078553819,0.21860385,0.29715767,-15452,298,0.12,0.3
299,Sb6_2_299,Sb6_2,-76.6332478633,40.1212743424,21.3549,0.30747,7566.67,N42071SL9_2430_2490,84009,30968,9224,40192,0.368627171,0.10979776,0.478424931,21744,299,0.12,0.3
300,Sb6_2_300,Sb6_2,-77.1985170133,40.1059940187,9.28333,0.263074,44184.86,N42041SL3_2400_2440,490922,91312,40494,131806,0.186001035,0.082485609,0.268486643,50818,300,0.12,0.3
301,Sb6_2_301,Sb6_2,-76.9002332753,40.011017587,13.6437,0.291297,63546.04,N42133SL3_2460_2430,706185,156226,144654,300880,0.221225316,0.204838675,0.426063992,11572,301,0.12,0.3
302,Sb6_2_302,Sb6_2,-77.6819514538,40.0566803184,11.0882,0.248931,27164.04,N42055SL2_2540_2370,301467,63904,47887,111791,0.211976767,0.158846574,0.370823341,16017,302,0.12,0.3
303,Sb6_2_303,Sb6_2,-77.3405268893,40.1974466836,11.7925,0.263074,72787.21,N42041SL4_2370_2330,808566,222494,204316,426810,0.275171105,0.252689329,0.527860434,18178,303,0.12,0.3
304,Sb6_2_304,Sb6_2,-76.6978928256,39.9785990795,13.4688,0.310969,14639.37,N42133SL3_2550_2490,162485,16422,13122,29544,0.101067791,0.080758224,0.181826015,3300,304,0.12,0.3
305,Sb6_2_305,Sb6_2,-77.4747154319,40.0338890349,7.56535,0.295594,7517.71,N42041SL1_2670_2370,83512,17624,9975,27599,0.21103554,0.119443912,0.330479452,7649,305,0.12,0.3
306,Sb6_2_306,Sb6_2,-76.821019888,39.8939820117,11.5244,0.297536,5418.2,N42133SL1_2760_2730,60205,21997,11099,33096,0.365368325,0.184353459,0.549721784,10898,306,0.12,0.3
307,Sb6_2_307,Sb6_2,-76.7208218833,39.82488836,7.73232,0.297536,30247.79,N42133SL1_2770_2730,335941,130182,41555,171737,0.387514474,0.123697316,0.51121179,88627,307,0.12,0.3
308,Sb6_2_308,Sb6_2,-76.8904719637,39.8218747063,5.77273,0.293447,12944.15,N42133SL1_2830_2760,143827,49900,21700,71600,0.346944593,0.150875705,0.497820298,28200,308,0.12,0.3
309,Sb6_2_309,Sb6_2,-77.1393637731,39.9230622873,7.53041,0.291652,67940.19,N42001SL3_2460_2430,754816,229919,179916,409835,0.304602711,0.238357428,0.542960139,50003,309,0.12,0.3
310,Sb6_2_310,Sb6_2,-77.0266831899,40.2355330149,15.6849,0.254128,14119.77,N42041SL4_2330_2270,156893,32314,20072,52386,0.205962025,0.127934325,0.33389635,12242,310,0.12,0.3
311,Sb6_2_311,Sb6_2,-76.5291599202,40.2375998163,3.31069,0.287026,5038.11,N42075SL9_2310_2430,55959,11393,6057,17450,0.20359549,0.108239961,0.311835451,5336,311,0.12,0.3
312,Sb6_2_312,Sb6_2,-76.3414798465,40.5871877008,9.77418,0.244825,30016.68,N42107SL2_1850_1990,333243,36958,31363,68321,0.110904055,0.094114505,0.20501856,5595,312,0.12,0.3
313,Sb6_2_313,Sb6_2,-76.5389326215,40.5020246659,11.2312,0.20052,7103.41,N42075SL2_1990_2070,78965,1694,2971,4665,0.021452542,0.037624264,0.059076806,-1277,313,0.12,0.3
314,Sb6_2_314,Sb6_2,-76.4609358552,40.5479352676,13.3734,0.213108,6236.8,N42107SL2_1990_2070,69324,3422,7193,10615,0.049362414,0.10375916,0.153121574,-3771,314,0.12,0.3
315,Sb6_2_315,Sb6_2,-76.2962577123,40.4733396914,5.78298,0.262162,15242.02,N42011SL1_2000_2090,169263,66886,22905,89791,0.395160194,0.135321955,0.530482149,43981,315,0.12,0.3
316,Sb6_2_316,Sb6_2,-76.4006771467,40.4197124833,4.68069,0.290336,10435.28,N42075SL1_2000_2090,115990,54626,23654,78280,0.470954393,0.203931373,0.674885766,30972,316,0.12,0.3
317,Sb6_2_317,Sb6_2,-76.8570974691,40.3925816476,62.7482,0.263836,20390.94,N42043SL9_2050_2270,226610,3972,9313,13285,0.017527911,0.041097039,0.05862495,-5341,317,0.12,0.3
318,Sb6_2_318,Sb6_2,-76.6629050965,40.4945285485,12.4325,0.233968,5872.83,H42043SL9_2050_2270,65284,41,208,249,0.000628025,0.003186079,0.003814105,-167,318,0.12,0.3
319,Sb6_2_319,Sb6_2,-77.0137658161,40.3357623402,11.8733,0.26966,8140.26,N42099SL9_2050_2270,90450,2721,6855,9576,0.030082919,0.075787728,0.105870647,-4134,319,0.12,0.3
320,Sb6_2_320,Sb6_2,-76.4878579471,40.4576402694,6.79689,0.200548,6164.41,N42075SL2_2070_2090,68516,13283,10941,24224,0.193867126,0.159685329,0.353552455,2342,320,0.12,0.3
321,Sb6_2_321,Sb6_2,-76.9042943855,39.765678201,4.97212,0.30191,6104.12,N42133SL0_2831_2830,67818,17981,9264,27245,0.2651361,0.136600902,0.401737002,8717,321,0.12,0.3
322,Sb6_2_322,Sb6_2,-76.5148612288,40.3922138779,9.11556,0.276221,8585.72,N42075SL4_2090_2100,95429,32722,22887,55609,0.34289367,0.239832755,0.582726425,9835,322,0.12,0.3
323,Sb6_2_323,Sb6_2,-76.6868308942,40.370912474,10.9426,0.255249,11866.02,N42043SL4_2140_2240,131870,14217,35620,49837,0.107810723,0.270114507,0.377925229,-21403,323,0.12,0.3
324,Sb6_2_324,Sb6_2,-76.4674241671,40.3072184562,4.03949,0.261784,18747.28,N42075SL0_2180_2220,208203,83022,21449,104471,0.398755061,0.103019649,0.50177471,61573,324,0.12,0.3
325,Sb6_2_325,Sb6_2,-76.7090738707,40.27350838,13.0583,0.256379,21623.56,N42043SL4_2240_2310,240329,29114,39178,68292,0.121142267,0.163018196,0.284160463,-10064,325,0.12,0.3
326,Sb6_2_326,Sb6_2,-77.124801988,40.3839177455,15.873,0.273665,17811.22,N42099SL3_2260_2050,197897,17008,32617,49625,0.085943698,0.164818062,0.25076176,-15609,326,0.12,0.3
327,Sb6_2_327,Sb6_2,-76.841867802,40.2952407173,21.8169,0.238089,11132.33,N42043SL9_2270_2380,123723,1907,5916,7823,0.015413464,0.047816493,0.063229957,-4009,327,0.12,0.3
328,Sb6_2_328,Sb6_2,-77.4067637505,40.319526188,13.2047,0.26481,53340.87,N42099SL3_2290_2260,592533,75060,73845,148905,0.126676489,0.12462597,0.251302459,1215,328,0.12,0.3
329,Sb6_2_329,Sb6_2,-76.6581419308,40.1850562092,28.7,0.30747,7561.98,N42043SL9_2310_2430,84048,29527,11746,41273,0.351311156,0.139753474,0.49106463,17781,329,0.12,0.3
330,Sb6_2_330,Sb6_2,-76.7986154623,40.1561965042,8.26647,0.296303,5689.75,N42133SL9_2310_2430,63227,4943,10876,15819,0.078178626,0.17201512,0.250193746,-5933,330,0.12,0.3
