date,Sb1_2,Sb2_3,Sb3_2,Sb4_6,Sb5_3,Sb6_2
1985-01-01,50.94291935483871,165.8362483870968,322.3279193548387,269.99656774193545,66.07874193548386,803.7417225806452
1985-02-01,83.62570000000001,156.3494464285714,300.2596892857143,352.14021071428573,171.7012142857143,992.6066035714285
1985-03-01,130.01086451612903,390.2609516129032,665.3545516129032,545.4189967741936,181.5749322580645,1521.1627258064516
1985-04-01,94.30736333333334,218.74763666666666,469.3422933333333,496.67749333333336,236.63444333333334,1416.97499
1985-05-01,19.7204,68.48109032258064,206.01875806451613,191.97908387096774,127.06043225806451,646.2635129032258
1985-06-01,16.705053333333332,38.288149999999995,150.6267466666667,180.31224333333333,59.51257,469.0685633333333
1985-07-01,10.300925806451614,30.819703225806453,103.5483064516129,90.49515483870968,32.122264516129036,266.76296451612905
1985-08-01,7.679348387096774,20.847606451612904,79.60688064516128,64.1879,22.148345161290322,202.3741129032258
1985-09-01,6.7516766666666665,80.39530666666666,159.11235666666667,82.74183333333333,20.15783,247.03617
1985-10-01,7.74968064516129,117.1130064516129,224.35164193548385,55.69284193548387,21.01658064516129,360.7200935483871
1985-11-01,74.51484,301.74432666666667,561.9572566666667,541.1066266666667,240.51574666666667,1449.2184533333334
1985-12-01,86.92358709677418,287.58955483870966,573.8271967741936,437.54094838709676,159.69787741935485,1447.538929032258
1986-01-01,95.50085161290323,168.43955806451612,358.0071483870968,285.9727419354839,65.03740322580646,838.7267225806452
1986-02-01,121.62086785714287,229.66984642857142,604.1702678571429,516.31725,281.105375,1783.6579357142857
1986-03-01,176.6057741935484,714.1326032258065,1313.353606451613,722.8377483870968,277.8796032258065,2795.3294870967743
1986-04-01,143.08502333333334,289.83237,704.5231366666667,448.73707333333334,160.06569333333334,1636.5249533333333
1986-05-01,41.451299999999996,190.04257096774194,366.40173548387094,184.27872580645163,73.98004193548387,734.5938096774194
1986-06-01,73.86732666666667,171.43963333333335,399.59790333333336,333.5158166666667,71.04696666666668,859.4162933333333
1986-07-01,35.4664,88.98797741935485,191.60456451612905,185.5484258064516,50.69628709677419,464.5789741935484
1986-08-01,21.25773548387097,170.89672903225807,285.4429419354839,107.71362258064516,32.91879032258064,501.66490967741936
1986-09-01,9.81368,43.94113333333333,87.28196666666666,59.09725666666667,16.58234,197.2174
1986-10-01,24.602774193548388,137.86650967741934,204.60292903225806,167.08765806451612,27.518490322580647,428.5891741935484
1986-11-01,72.30046333333333,453.67363666666665,701.71034,563.1276966666667,108.65645666666666,1425.6588266666665
1986-12-01,98.42387741935484,353.83270000000005,694.5848516129033,527.4697677419355,193.6050129032258,1762.8607193548387
1987-01-01,43.6262,134.77905161290323,287.8270483870968,221.16370645161288,107.30258387096774,803.1023096774194
1987-02-01,23.685014285714285,88.38900357142857,163.42865357142858,138.196325,93.64785714285713,583.3270392857142
1987-03-01,122.10956129032259,460.020870967742,792.8717032258064,430.8910548387097,144.61687419354837,1565.7389258064516
1987-04-01,211.00770333333332,572.7931733333334,1137.0157833333333,675.69659,370.0067933333333,2521.61519
1987-05-01,35.9824935483871,89.3990258064516,220.48775806451613,255.37228064516128,131.8468935483871,761.723170967742
1987-06-01,26.989723333333334,63.816736666666664,148.67287333333334,159.16900333333334,53.04689,401.06094
1987-07-01,40.36794516129033,74.18100322580645,202.62073870967743,213.08883548387095,44.35879354838709,489.2146193548387
1987-08-01,9.989454838709676,30.231435483870968,72.21710322580645,66.32537096774193,25.603909677419352,179.92157096774193
1987-09-01,44.81424333333334,108.09484,371.95122333333336,260.01472666666666,44.34418,828.93793
1987-10-01,30.71738064516129,109.37609354838709,200.20010322580646,195.44104193548387,33.87334193548387,464.7616580645161
1987-11-01,28.618893333333336,157.61156333333335,299.95091333333335,186.53251,57.29914,681.2089366666667
1987-12-01,67.2570870967742,252.3213741935484,477.1845419354839,343.5929612903226,106.16076129032258,1132.5825225806452
1988-01-01,30.426900000000003,118.8394064516129,241.5153064516129,183.15519354838707,101.03634193548388,577.1156000000001
1988-02-01,60.8324,263.6493620689655,520.5417586206896,465.2653137931035,158.24234827586207,1459.3916827586208
1988-03-01,107.64055161290324,361.7888161290322,621.2350741935484,423.83011612903226,139.51984193548387,1325.593793548387
1988-04-01,81.01450333333334,239.82480666666666,434.7674366666667,246.44151666666667,117.17511666666668,973.0612500000001
1988-05-01,127.28879032258064,271.70471612903225,654.155693548387,469.78561935483873,250.74111612903224,1706.5010548387097
1988-06-01,20.943139999999996,63.474093333333336,152.33518999999998,92.15246,52.56456,412.02898666666664
1988-07-01,19.53404838709677,36.69498064516129,97.22726774193548,44.85114838709678,24.460274193548386,218.85268709677422
1988-08-01,12.75536129032258,37.41842903225806,77.36893548387097,116.6581,26.42875483870968,202.2736258064516
1988-09-01,10.436646666666666,52.10299666666666,130.28581666666668,111.68163333333334,43.99494000000001,336.84777
1988-10-01,8.396409677419355,65.23653548387097,92.4956064516129,71.02048064516129,26.15653870967742,201.50633548387097
1988-11-01,20.019056666666664,280.1763166666667,400.0320966666667,251.10435999999999,70.16821333333334,755.5312166666666
1988-12-01,14.226019354838709,130.94257741935485,193.65982258064517,141.87653225806451,54.53276451612903,426.9723806451613
1989-01-01,15.540467741935483,105.2655870967742,184.9364064516129,193.87905483870966,109.39437096774193,599.860429032258
1989-02-01,24.07437857142857,144.23387499999998,240.9156857142857,272.0541,106.62304642857143,698.7181964285713
1989-03-01,93.56433870967741,238.33650967741937,397.7603548387097,401.7155741935484,203.36976129032257,1122.8999838709676
1989-04-01,121.33107666666666,410.15064666666666,805.3499966666666,550.1113766666666,144.96338,1740.5421733333335
1989-05-01,239.8373,487.6617709677419,1248.4623548387096,778.9507774193548,305.630129032258,2927.779248387097
1989-06-01,210.06381000000002,320.57502,784.6598233333333,658.31005,230.76342666666667,1909.0274066666668
1989-07-01,32.907829032258064,99.30991935483871,247.86375806451613,231.95151290322582,342.1040451612903,1189.8556096774194
1989-08-01,11.22443870967742,42.54651290322581,95.28162258064516,61.630238709677414,81.53425483870969,352.9009903225807
1989-09-01,12.120546666666666,58.807480000000005,103.09219666666667,64.37363333333333,37.8785,243.96850333333336
1989-10-01,21.960167741935486,162.78532903225806,313.31220322580646,143.4202741935484,71.36758709677419,688.6109032258065
1989-11-01,32.95325666666667,282.59269333333333,471.8624966666667,203.28663999999998,85.70565666666667,888.11069
1989-12-01,16.003590322580646,99.0450129032258,185.42054516129033,102.58920322580646,35.743164516129035,387.6393612903226
1990-01-01,58.638706451612904,273.8513129032258,467.31930967741937,317.3313677419355,137.46459354838709,1073.8479
1990-02-01,212.13363214285712,573.41615,1160.2827857142859,682.7899749999999,206.36912142857142,2418.1575714285714
1990-03-01,69.23925483870968,332.43978709677424,568.3465129032259,248.64018387096775,72.93871935483871,1046.2618161290322
1990-04-01,138.6204066666667,370.28052,715.28355,411.8496533333334,124.21656666666667,1477.6674466666666
1990-05-01,106.37086774193548,389.4023096774194,730.6111806451613,386.4701483870968,164.73097741935482,1563.7293419354837
1990-06-01,32.03485333333334,112.71992999999999,249.66019333333332,233.93490666666668,111.70052000000001,809.9562033333333
1990-07-01,34.051458064516126,69.90607419354838,214.62342580645162,360.6287483870968,62.42494838709677,745.6465193548387
1990-08-01,12.273983870967742,55.802448387096774,160.50170967741934,209.0148741935484,51.28728387096774,554.7361677419354
1990-09-01,22.18436,32.834316666666666,115.51385666666667,202.65423333333334,47.175873333333335,447.5949566666667
1990-10-01,191.80553225806452,329.49847419354836,756.2516258064517,705.1808258064516,231.45825483870968,2031.870770967742
1990-11-01,89.32077,385.27902,716.79378,337.15924666666666,97.94796666666666,1364.4000566666666
1990-12-01,175.0985935483871,449.30614838709675,907.4179161290323,635.9689548387097,283.52470645161293,2176.2866806451616
1991-01-01,111.6505741935484,296.1302709677419,706.0029258064517,522.9116774193549,259.6563516129032,1839.5902354838709
1991-02-01,121.07474642857143,310.6863714285714,632.0724642857142,433.58148928571427,166.51317857142857,1427.3713392857142
1991-03-01,165.12374516129032,448.29222258064516,870.2406387096775,615.5808483870968,250.8141741935484,2023.1016677419354
1991-04-01,110.50178000000001,387.96912333333336,684.9845166666667,380.03096,177.71652333333336,1462.3763433333334
1991-05-01,54.32999032258065,196.7016,380.06689032258066,204.16446774193548,84.85919032258064,836.8998354838709
1991-06-01,10.171406666666666,46.127203333333334,97.2778,57.98346,30.68413,226.32711333333333
1991-07-01,5.542790322580646,20.19996129032258,48.951609677419356,45.56272580645162,25.02295806451613,148.51729032258064
1991-08-01,5.611296774193549,23.11567741935484,48.57709354838709,31.670109677419354,24.265712903225808,155.26766451612903
1991-09-01,4.786496666666666,20.272029999999997,41.92309,37.39145666666666,21.42359,125.2171
1991-10-01,5.628645161290323,36.03729677419354,62.87254193548387,42.50266774193548,20.657596774193546,184.75372258064516
1991-11-01,14.28867,112.77749666666666,172.17586333333335,68.42954333333334,32.15000666666666,308.4176566666667
1991-12-01,39.16767741935484,223.69395161290322,376.00203870967744,178.01248709677418,48.001622580645154,699.2434161290323
1992-01-01,68.7003258064516,211.80087741935483,389.5850032258064,220.7435258064516,45.85502580645161,718.0604225806452
1992-02-01,39.88281724137931,153.15508620689656,267.3403206896552,180.51502068965516,58.36199310344828,608.9489103448276
1992-03-01,152.29896451612902,370.8776096774194,791.7755709677418,472.498564516129,160.19114838709677,1753.4522193548387
1992-04-01,196.20743333333334,383.27795333333336,857.3397233333333,530.1857666666667,165.03057666666666,1863.8148466666667
1992-05-01,73.00904193548386,240.45569032258064,473.18363548387094,201.214035483871,92.01149032258066,923.3118903225807
1992-06-01,42.95382333333334,174.90372,351.28936,150.38134,59.25772,692.1581233333333
1992-07-01,52.36790322580645,114.98466129032258,214.94313548387098,291.9284129032258,35.66918064516129,587.2091870967743
1992-08-01,81.45934516129033,165.7631677419355,310.9555064516129,266.1052774193548,26.390390322580643,615.1149806451613
1992-09-01,72.82809999999999,115.29677,243.02461666666665,229.26262666666668,28.654763333333335,554.8214166666666
1992-10-01,51.28637096774194,180.88070967741933,307.6305612903226,173.20776129032257,21.15541935483871,561.5869967741935
1992-11-01,149.55071333333333,372.68745666666666,721.3244733333333,486.11530666666664,62.564193333333336,1439.7228666666667
1992-12-01,120.1639193548387,250.51274838709676,516.919470967742,352.9740612903226,146.45290967741937,1256.2631870967741
1993-01-01,138.70687741935484,321.1769806451613,751.6752677419355,594.297529032258,187.39358709677418,1784.600748387097
1993-02-01,26.021150000000002,85.75958928571428,176.3735,136.98275357142856,55.16728571428571,469.4528642857143
1993-03-01,164.3455,285.07756451612903,619.1980935483871,608.8304709677419,427.93149677419353,2176.834748387097
1993-04-01,611.6061233333334,1316.6389733333335,3027.9203933333333,1783.7725566666668,730.0083,6658.234533333333
1993-05-01,65.90881935483871,183.2648,461.19007741935485,344.1867129032258,134.99828064516132,1234.614506451613
1993-06-01,18.517336666666665,86.08321333333333,138.85637333333335,108.48183666666667,46.07527666666667,383.78766
1993-07-01,7.782564516129033,33.327106451612906,66.98304838709677,49.59102258064516,27.566912903225806,205.1509935483871
1993-08-01,6.894703225806452,23.904893548387097,58.92643870967741,54.46881935483871,23.611683870967745,180.36917741935483
1993-09-01,11.64766,28.331946666666667,77.38050666666666,87.16869,27.119993333333333,224.00513333333336
1993-10-01,11.606251612903225,42.49353548387097,110.37176129032258,148.02403870967743,23.924087096774194,335.2988645161291
1993-11-01,92.64894666666666,282.63988333333333,532.3567233333333,487.27629333333334,129.24753333333334,1219.3234166666666
1993-12-01,78.18189032258066,307.17383548387096,706.468793548387,505.10859999999997,206.79518387096775,1868.4551483870969
1994-01-01,31.35863548387097,99.01762580645162,234.35388387096773,160.7666193548387,70.18010967741935,481.2950548387097
1994-02-01,78.68038571428572,194.1726607142857,575.7421642857142,363.77034642857143,245.62841071428574,1511.715075
1994-03-01,280.8757129032258,538.2941193548387,1370.535377419355,967.157335483871,665.5555032258064,4040.265941935484
1994-04-01,282.7909133333333,927.0935599999999,1937.7218133333333,1237.21022,327.65422333333333,4171.1659033333335
1994-05-01,55.87552580645161,183.56623548387094,412.8596225806452,321.55149677419354,129.99259999999998,1052.2905548387096
1994-06-01,106.28822333333333,179.14179000000001,357.68897333333337,284.2539366666667,41.67296666666667,710.6584566666667
1994-07-01,44.177019354838706,142.53422580645162,319.5875870967742,216.31330967741934,33.76464516129032,657.0421903225806
1994-08-01,141.6079870967742,237.45959677419353,617.544764516129,529.634641935484,80.35680645161291,1336.025358064516
1994-09-01,29.53824666666667,89.74552333333332,242.58099333333334,183.19111333333333,38.507126666666665,537.9257033333333
1994-10-01,19.09468064516129,63.1009064516129,187.50319677419355,108.55400322580645,29.80301935483871,411.18801935483873
1994-11-01,78.84731666666667,136.55327666666665,342.6244066666667,229.2532,67.5404,699.2750833333333
1994-12-01,99.84885806451614,258.82511612903227,613.8361580645162,489.6256741935484,142.4063387096774,1564.1860741935482
1995-01-01,126.11318387096773,289.6996129032258,646.4736032258065,490.8953774193548,216.17627741935485,1757.3800354838709
1995-02-01,41.26168928571428,134.2117392857143,266.68401785714286,181.14692142857143,66.96935,656.7485785714287
1995-03-01,103.23774838709677,389.77682258064516,655.4893258064516,331.80949999999996,112.01597741935484,1317.0987451612903
1995-04-01,86.46077,,455.2405033333333,297.8365866666666,82.05277666666666,954.27774
1995-05-01,31.753235483870967,,212.78740967741936,243.20517741935484,89.36248387096775,622.239870967742
1995-06-01,17.979313333333334,,141.1406,186.18327333333335,122.70633333333333,553.49995
1995-07-01,8.667693548387097,,71.56854516129032,91.19851935483872,84.06449677419356,410.0462129032258
1995-08-01,7.274687096774193,,54.84333870967742,41.710716129032264,21.926374193548387,153.13933548387098
1995-09-01,6.475116666666667,,45.45796,23.72102333333333,19.24131333333333,100.04341666666667
1995-10-01,56.17971612903225,,307.3474032258065,188.4449612903226,79.39129999999999,674.1236322580646
1995-11-01,71.70109000000001,,522.7101066666667,329.7968833333333,142.30159999999998,1204.8818266666667
1995-12-01,52.605387096774194,,355.6961322580645,235.99807741935484,114.80197419354838,852.8851548387097
1996-01-01,242.65709677419355,,1257.5420225806452,857.3610419354839,447.6528064516129,3308.869193548387
1996-02-01,94.92978620689655,,607.9919965517241,569.7056689655172,278.94046551724136,1884.827896551724
1996-03-01,131.70073870967744,,716.7815935483871,622.970635483871,290.89621612903227,2103.210941935484
1996-04-01,203.7869,,1037.5292633333333,475.06229666666667,187.33482333333333,2114.04138
1996-05-01,252.04734516129034,,1159.3465064516129,612.9775225806451,199.27752258064515,2346.1877548387097
1996-06-01,37.71049333333334,,274.96601666666663,164.12444666666667,144.54806666666667,785.88688
1996-07-01,22.23877741935484,,303.14554838709677,175.74714193548388,115.79762903225806,731.0313677419355
1996-08-01,13.3144,,166.1376709677419,97.49216129032258,65.78642580645162,426.3877677419355
1996-09-01,43.14733,,155.84648,394.4725466666667,374.42044999999996,1150.9193533333334
1996-10-01,113.82641935483872,,424.22290645161286,484.4921161290323,238.86629677419356,1485.1729258064515
1996-11-01,229.56467999999998,,884.22185,602.2238233333334,187.85395333333332,1993.4116166666668
1996-12-01,189.3849,,1399.126258064516,776.5210096774194,353.04714193548386,3235.519429032258
1997-01-01,47.4626870967742,,403.1222774193549,225.91363225806452,96.40515483870968,920.6628967741935
1997-02-01,79.70282857142857,,429.37442142857145,430.4059642857143,220.81071428571428,1365.175407142857
1997-03-01,159.6704806451613,,845.1208516129033,656.5854548387097,259.81164193548386,2112.0713903225806
1997-04-01,87.59344333333334,,614.9475199999999,266.8202133333333,82.20380333333334,1169.1082033333332
1997-05-01,65.53066129032258,,453.3527064516129,239.7614870967742,117.6153935483871,867.3176032258065
1997-06-01,61.785473333333336,,214.96261666666666,198.89753000000002,128.14317,684.4181833333333
1997-07-01,19.05175483870968,,84.15584516129033,54.28613548387097,33.623064516129034,236.9754741935484
1997-08-01,8.903358064516128,,61.32880967741935,73.79735161290323,30.461612903225806,208.64035161290323
1997-09-01,9.842933333333333,,65.30808666666667,58.86128,37.34709,214.18863666666667
1997-10-01,16.329690322580646,,58.67068387096774,63.11915806451613,28.717848387096772,193.04782258064517
1997-11-01,77.88359666666666,,214.29246,419.21202999999997,307.2038,1110.8793433333333
1997-12-01,71.58681935483871,,323.82597741935484,265.6028870967742,131.53631612903226,871.245435483871
1998-01-01,226.10544838709677,,1123.9230516129032,660.7873161290323,264.0865677419355,2567.4245451612906
1998-02-01,149.89724642857144,,690.9310607142858,547.1623928571429,371.70916785714286,2185.5549
1998-03-01,194.37231612903227,,1250.4171387096774,641.9703161290322,340.30455483870963,2820.997335483871
1998-04-01,192.70558333333335,,1021.19988,685.6263633333333,310.76794666666666,2487.257416666667
1998-05-01,162.12764516129033,,637.6497129032258,579.2987419354838,321.1587096774194,2125.4990451612907
1998-06-01,53.655703333333335,,384.00476,133.28739666666667,79.53259333333334,745.86574
1998-07-01,78.50434838709677,,398.99349677419355,77.79824838709678,55.144774193548386,628.7984129032259
1998-08-01,10.031470967741935,,77.73430967741936,39.753193548387095,32.739748387096775,195.59634516129034
1998-09-01,7.885303333333334,,56.72808666666666,29.242813333333334,27.637246666666666,141.10284000000001
1998-10-01,10.179454838709677,,79.19581612903225,44.70316774193548,38.273412903225804,206.5028870967742
1998-11-01,7.532293333333333,,65.88386,36.62312333333333,30.08287,153.4018
1998-12-01,7.983532258064516,,93.53694193548387,49.73625806451613,29.601158064516127,176.01204193548386
1999-01-01,81.65026129032259,,599.951764516129,381.1812935483871,105.75885806451612,1332.7369387096774
1999-02-01,69.00208571428571,,554.4034035714286,357.99573571428573,86.69000000000001,1215.0961035714286
1999-03-01,156.61956451612903,,706.0942645161291,479.68737741935485,196.47323870967742,1607.1180645161292
1999-04-01,123.23492,,739.0696933333334,500.5474566666666,239.3717433333333,1688.3447833333335
1999-05-01,29.38558387096774,,214.8426516129032,146.26108387096775,83.71738709677419,583.0530032258065
1999-06-01,7.9324933333333325,,68.71554333333333,51.168549999999996,31.9197,197.49111666666667
1999-07-01,5.846964516129032,,55.53756451612904,42.10989677419355,24.736129032258066,150.3715935483871
1999-08-01,4.549874193548387,,30.77399677419355,35.61803548387097,34.88270000000001,147.25674516129033
1999-09-01,11.916666666666666,,171.20365666666666,118.46919,38.65815,534.41441
1999-10-01,15.726812903225808,,189.6315258064516,113.85199677419355,54.13085483870967,563.0393806451613
1999-11-01,29.94316666666667,,195.86762333333334,153.72272333333333,56.06263666666667,420.1653733333333
1999-12-01,58.78303225806452,,411.0875322580645,272.3715322580645,99.59309354838709,960.5805161290323
2000-01-01,52.42727741935484,,405.131864516129,178.26824838709678,55.19044838709677,710.2047774193549
2000-02-01,140.25626896551722,,608.4802172413793,327.79191379310345,124.58435862068964,1214.304503448276
2000-03-01,118.71152903225807,,1148.293806451613,511.9868580645161,198.63810645161288,2404.1002774193544
2000-04-01,200.66261666666665,,1277.0897733333334,673.35573,232.62289,2578.3432766666665
2000-05-01,115.40485483870967,,930.5281225806452,294.9793322580645,120.5292870967742,1523.1723032258064
2000-06-01,113.99418666666666,,615.1362966666667,290.51197333333334,102.39371666666666,1202.8052533333332
2000-07-01,18.672690322580642,,220.95361612903227,91.52735483870967,41.11240322580645,439.45919032258064
2000-08-01,17.371016129032256,,208.7408322580645,90.04757741935484,41.817600000000006,400.7199258064516
2000-09-01,9.85899,,120.27109333333333,51.65937333333333,24.51484333333333,274.77723
2000-10-01,18.73022258064516,112.22605161290322,199.02175161290322,93.50953225806452,30.16018064516129,338.21276774193547
2000-11-01,13.563773333333334,108.63286,163.41652666666667,85.61127666666667,34.852380000000004,312.08941
2000-12-01,29.941867741935486,283.4059612903226,430.3978,206.6855741935484,57.364451612903224,871.7935
2001-01-01,16.602806451612903,118.5379741935484,191.0017064516129,82.79480645161291,47.37134838709677,395.2483774193549
2001-02-01,45.03390714285714,272.8631642857143,443.4620428571429,282.46054285714285,112.71116071428571,965.8067285714286
2001-03-01,94.81119032258064,344.12276129032256,623.5643580645161,407.10489677419355,184.06864838709677,1455.7599548387097
2001-04-01,278.67552333333333,736.2852066666667,1317.2053166666667,542.7773099999999,229.94223666666667,2487.0686333333333
2001-05-01,27.032529032258065,100.1776935483871,181.45618064516128,148.0331741935484,63.93212903225806,530.8952032258064
2001-06-01,25.30299,191.83720333333335,298.1952733333334,164.36041666666668,64.88334,649.6828533333334
2001-07-01,9.965706451612903,65.2475,124.51190967741935,70.16184516129033,31.900293548387097,315.82419032258065
2001-08-01,5.065974193548387,21.755564516129034,60.990835483870974,44.53966129032258,24.10311612903226,157.01235483870968
2001-09-01,13.54584,37.61421,108.98209666666666,96.44717333333332,18.776909999999997,239.29624
2001-10-01,9.513551612903225,26.112709677419357,80.86743870967743,78.54728387096775,18.60965483870968,232.25295161290325
2001-11-01,9.269063333333332,33.199616666666664,72.26459666666666,86.88553666666667,22.349546666666665,201.79528
2001-12-01,42.57208709677419,164.65789032258064,287.93665161290323,304.5248516129032,36.87493225806452,704.5414161290322
2002-01-01,27.496570967741935,119.49709677419354,185.52101935483873,141.33760967741935,37.85961935483871,433.3391064516129
2002-02-01,90.3711892857143,419.13989642857143,656.2429285714286,341.86523928571427,42.40447857142857,1123.5720107142856
2002-03-01,96.0397806451613,365.12290967741933,578.0290387096774,403.5059290322581,89.38989032258065,1186.9325967741936
2002-04-01,113.08804333333335,354.5552366666667,583.7045999999999,379.3230433333334,101.41206333333334,1279.4495166666668
2002-05-01,162.66657096774193,471.8134709677419,963.8689225806452,737.6081903225806,241.6157741935484,2251.1893032258067
2002-06-01,150.84384333333335,396.69070666666664,669.8822033333333,412.67084,98.49543,1318.3379833333333
2002-07-01,17.87433870967742,64.9689,129.63635161290324,75.40501935483871,29.726300000000002,313.5405677419355
2002-08-01,7.440938709677419,20.795529032258063,50.82416774193548,37.64953225806452,19.09378064516129,118.6019064516129
2002-09-01,6.81492,49.40535,72.00974666666667,46.81057333333333,21.415090000000003,147.31367666666668
2002-10-01,11.5551,187.4849225806452,368.92284193548386,156.3729387096774,53.393687096774194,731.3602096774193
2002-11-01,29.736463333333333,329.39100666666667,504.37968,241.87306666666666,138.59209,1126.34977
2002-12-01,67.9933193548387,324.4105903225807,590.0500032258064,290.6495838709677,142.7717,1320.1131258064515
2003-01-01,68.7459935483871,275.084464516129,523.9530064516129,344.69822258064517,214.08449032258065,1365.9681419354838
2003-02-01,43.228696428571425,223.16709642857145,349.67260714285715,185.95066071428573,111.49758571428572,784.6800428571429
2003-03-01,295.1254806451613,710.2687225806451,1363.045106451613,830.9715645161291,370.6218548387097,3119.6943935483873
2003-04-01,162.81243,521.5208033333333,942.7622133333333,513.6298333333333,227.15774333333331,2089.97206
2003-05-01,54.55104193548387,277.2767322580645,403.533335483871,296.8244935483871,247.9825,1190.7690774193547
2003-06-01,125.00944333333334,375.95333,933.3232666666667,507.71162333333336,301.17798000000005,2235.4262700000004
2003-07-01,101.97261612903226,143.16449677419354,323.3418483870968,211.4994322580645,59.036058064516126,740.3485225806451
2003-08-01,123.9674935483871,148.52643225806452,396.1800870967742,457.2439935483871,110.89243225806452,1230.595341935484
2003-09-01,82.91832666666667,214.73609,494.35550666666666,492.9491066666667,233.04764333333333,1467.4733866666668
2003-10-01,66.79396129032257,312.51750967741935,525.3323064516129,372.16557419354837,147.99662258064515,1298.0077161290324
2003-11-01,129.34191666666666,437.62743000000006,816.46907,596.1828933333333,233.6423,2026.16476
2003-12-01,189.05605483870966,542.2767516129032,1075.8574838709678,642.5457838709677,317.5505935483871,2532.439529032258
2004-01-01,85.04188387096775,265.17356451612903,542.3132903225807,497.6822838709678,199.48761612903226,1481.4277967741937
2004-02-01,38.315617241379314,108.45352413793104,208.78304137931033,146.75937241379313,79.23835517241379,725.8877172413793
2004-03-01,218.4781741935484,563.8432290322581,987.4815096774194,776.2835,332.24796451612906,2401.177248387097
2004-04-01,192.21476333333334,403.40179333333333,792.1165833333333,572.3778533333333,345.5221633333333,2147.4552633333333
2004-05-01,171.0428870967742,301.1725096774193,671.565993548387,530.5298193548387,166.29296129032258,1652.7903903225806
2004-06-01,52.09639333333334,145.68073666666666,301.01751333333334,197.74597666666668,79.51369666666666,831.38262
2004-07-01,95.8991193548387,254.2487387096774,390.3157677419355,347.20108387096775,84.85006774193549,946.2393999999999
2004-08-01,87.09714193548386,330.3114516129032,558.4630225806452,354.31682903225806,100.0132741935484,1327.8774096774193
2004-09-01,290.9461566666667,465.6799833333333,1150.44741,988.8526,451.85192,3140.1495
2004-10-01,37.99116451612903,167.2977548387097,350.56256451612904,241.35088064516128,99.18204838709678,959.667064516129
2004-11-01,65.93106333333334,240.17404666666667,410.54708666666664,300.55501,139.53598,1017.8018533333333
2004-12-01,154.05278387096774,525.0126096774194,1013.8344516129032,629.2734096774193,245.69888064516127,2374.961322580645
2005-01-01,200.51981935483872,444.7023741935484,1028.2669064516128,780.4853774193548,309.52140322580647,2580.2127903225805
2005-02-01,109.52552142857144,307.4501607142857,595.3616964285713,376.90734285714285,158.372075,1364.7708714285714
2005-03-01,161.54303870967743,383.98556451612905,763.0019967741936,456.86948709677415,263.3192741935484,1796.7495838709676
2005-04-01,264.49823,791.88062,1549.40346,638.6581633333334,214.8588,3085.4036066666667
2005-05-01,36.663003225806456,143.46592903225806,242.8946,123.99125806451612,57.46492903225807,573.1877870967742
2005-06-01,27.910970000000002,70.87707,136.29842,79.67417,45.74115,336.34750333333335
2005-07-01,14.249767741935484,61.42381290322581,104.07811612903227,63.89559677419355,36.66209677419355,339.6651387096774
2005-08-01,7.51858064516129,19.27281935483871,45.051190322580645,32.198993548387094,25.823141935483868,143.01834838709678
2005-09-01,16.608766666666664,35.47723,67.22419666666666,55.915389999999995,23.58320666666667,173.74273666666667
2005-10-01,77.32417741935484,368.6131709677419,515.5036193548387,170.74145483870967,49.47957419354839,841.5310193548387
2005-11-01,110.55840333333332,429.42498333333333,602.58249,295.40135666666663,66.04432666666666,1028.7510366666668
2005-12-01,122.31050967741936,357.9797483870968,730.4832967741935,436.35346451612907,134.2127064516129,1632.420535483871
2006-01-01,217.57386451612902,546.697835483871,1142.082358064516,691.2964354838709,273.540735483871,2553.8141741935488
2006-02-01,104.63075357142857,360.2105142857143,687.4824714285714,369.7472321428572,181.157025,1645.4110464285714
2006-03-01,100.18683225806451,262.58851290322576,413.93749354838707,183.56624193548387,64.09655161290323,796.3428064516129
2006-04-01,75.24730333333333,263.97909,434.8240533333334,223.75973000000002,104.75344666666666,902.1747233333333
2006-05-01,49.03655483870968,172.2943129032258,309.3935193548387,203.41543548387097,79.83524516129033,736.0553193548387
2006-06-01,143.88545333333332,613.69214,1021.0299733333334,271.01108666666664,97.96684666666667,1659.9335500000002
2006-07-01,72.77246129032258,474.7913129032258,802.1523225806452,228.76357419354838,63.99608064516129,1431.0055451612905
2006-08-01,44.132261290322575,209.96484193548386,247.47096774193548,110.40829677419354,27.250851612903226,409.3428516129032
2006-09-01,132.41146333333333,186.39092666666664,411.2738766666667,330.04227333333336,55.61995,1017.61308
2006-10-01,111.3738129032258,354.5817322580645,541.4911774193548,328.6763741935484,46.697216129032256,977.9359935483872
2006-11-01,144.19882,554.9913166666666,998.4520166666666,557.1905966666667,138.39386666666667,2096.768106666667
2006-12-01,72.4545935483871,234.51829677419354,427.730535483871,241.47876451612902,83.41595161290323,936.9222483870968
2007-01-01,139.81214193548388,428.5983129032258,785.3814387096775,563.7610129032258,146.96443870967744,1790.6294967741935
2007-02-01,29.267489285714284,87.6810892857143,176.54542857142857,131.177775,59.40470714285714,459.0363071428572
2007-03-01,265.57547741935485,673.301535483871,1263.5525032258065,792.3144967741936,299.51001935483873,2823.737674193548
2007-04-01,137.43109666666666,608.9065866666666,1052.6315833333333,445.40511333333336,189.58128,2052.59383
2007-05-01,53.18909677419355,203.07745806451615,379.5553483870968,287.85445161290323,77.25931935483871,911.1630483870968
2007-06-01,18.587173333333332,70.75436333333333,124.26376333333334,92.81319666666667,39.98715666666667,329.0040133333333
2007-07-01,10.738474193548386,48.52045161290322,85.4620806451613,42.05508387096774,31.89115806451613,199.98088387096774
2007-08-01,8.701490322580645,38.62326451612903,84.95967096774194,66.34362580645161,56.509474193548385,277.0483806451613
2007-09-01,15.912176666666666,28.26021666666667,64.88333333333334,35.18651,18.97511666666667,163.39765
2007-10-01,11.1276,125.70761612903226,202.4745870967742,35.860090322580646,18.01042258064516,279.41420645161287
2007-11-01,34.16050333333333,302.24458,493.31721666666664,147.34198333333333,40.13535666666667,760.1185533333334
2007-12-01,133.72859677419356,437.45874838709676,849.779429032258,384.8990096774194,138.6794709677419,1648.1318258064516
2008-01-01,76.36962580645161,387.5206225806452,716.9642967741935,355.8696935483871,128.2296322580645,1440.9621096774194
2008-02-01,184.21572413793103,511.1679,1103.966448275862,593.8140448275861,239.06253448275862,2418.063424137931
2008-03-01,260.4236451612903,735.2149548387097,1538.8835935483871,952.6700677419354,385.3648903225806,3564.9996322580646
2008-04-01,161.78358666666665,402.57116666666667,770.8223233333333,390.20615,209.77120000000002,1669.8444533333334
2008-05-01,52.219919354838716,128.72290322580645,345.1366870967742,368.80409354838713,301.83931290322585,1396.5686064516128
2008-06-01,18.017993333333333,52.82036,133.65551666666667,106.15042,58.13449,423.80881000000005
2008-07-01,17.29611612903226,86.02475806451612,146.3067516129032,79.07708064516129,34.1492,329.2061806451613
2008-08-01,21.845983870967743,70.60942258064516,121.90858387096775,39.144854838709676,21.659651612903225,232.86496451612905
2008-09-01,10.967106666666666,29.431590000000003,62.863393333333335,47.19473333333334,34.961866666666666,218.86090333333334
2008-10-01,15.488396774193548,51.03334516129032,90.92447741935484,47.60792580645162,28.383525806451615,235.38607741935482
2008-11-01,23.086726666666667,164.99283666666668,249.89617333333334,66.85608333333333,31.74036,426.9236633333333
2008-12-01,83.38763548387097,418.5869419354839,719.8599161290323,390.0234612903226,172.3034451612903,1633.2426322580645
2009-01-01,40.63011290322581,211.28021290322582,413.4716225806452,213.31719354838708,89.3990258064516,922.9465096774194
2009-02-01,95.61992142857143,249.43096428571428,478.08950714285714,376.4117857142857,106.7241642857143,1104.8626892857142
2009-03-01,135.1170322580645,520.1804774193548,812.5108,444.72064516129035,71.28538387096775,1445.2553064516128
2009-04-01,71.88703000000001,275.0698566666667,512.7614633333334,324.42610333333334,179.79310666666666,1292.56966
2009-05-01,43.37044193548387,188.83682903225807,386.8081290322581,260.2957580645161,188.64500645161291,1118.9721612903227
2009-06-01,68.63344000000001,219.90863333333334,446.43396666666666,204.07951333333332,115.57048666666667,1009.68436
2009-07-01,33.61575806451613,136.86170967741936,272.8008516129032,131.06132903225807,44.548793548387096,555.649606451613
2009-08-01,34.105361290322584,210.7230064516129,376.11166129032256,232.1433322580645,37.12246774193548,774.4200838709678
2009-09-01,11.719406666666666,89.34909666666667,163.86014666666668,75.89859,30.080993333333332,366.51439000000005
2009-10-01,25.15449677419355,221.41033548387097,352.4716612903226,260.00345806451617,108.9750935483871,890.9758838709678
2009-11-01,26.370533333333334,218.02084000000002,388.2522833333333,223.02349,86.27198666666666,914.53976
2009-12-01,68.96522258064516,232.36255483870968,473.98747741935483,409.3702548387097,211.1157870967742,1413.4673741935483
2010-01-01,125.34315161290321,321.70678387096774,673.4385419354838,554.2337612903225,237.1855741935484,1851.0083193548387
2010-02-01,34.20269642857143,148.67355714285713,305.03312857142856,226.44375357142857,105.56115714285714,887.3286107142857
2010-03-01,216.05754193548387,517.9699225806452,980.2378903225806,593.0095806451612,383.4740387096774,2347.9233032258066
2010-04-01,66.84663666666667,310.7585133333333,620.6486433333333,283.1495833333333,130.60673333333332,1281.2429200000001
2010-05-01,61.7078935483871,165.90931612903225,328.5302290322581,283.50644516129034,155.8796677419355,949.527806451613
2010-06-01,37.41694333333333,109.26527666666668,188.44862666666668,129.87992666666668,62.56136,479.46083999999996
2010-07-01,15.313029032258063,52.41356774193549,95.74748387096774,61.68504838709677,38.88177419354839,268.5441870967742
2010-08-01,14.207751612903225,78.8943935483871,118.7572064516129,53.58278387096774,27.19421612903226,240.57444516129033
2010-09-01,8.24114,40.12969333333333,71.80208666666667,31.79321,21.500980000000002,160.60371666666666
2010-10-01,87.37026451612903,416.35812258064516,694.1281193548388,226.3246870967742,59.32835806451613,1104.8137387096774
2010-11-01,57.73428333333333,283.5554633333333,486.3890333333333,233.24587000000002,67.60742333333333,884.1463366666667
2010-12-01,129.97431612903225,319.5145064516129,702.7510612903226,655.5623967741935,224.3607741935484,1894.2143451612903
2011-01-01,26.937548387096772,125.0873870967742,204.78561290322583,107.54007741935484,40.64837741935484,409.30631612903227
2011-02-01,75.21156428571429,193.2523642857143,402.86782857142856,296.8819,124.05812857142857,998.6744892857142
2011-03-01,418.9523161290323,885.4951870967742,1960.5305774193548,1280.6522258064515,503.06248387096775,4607.516312903226
2011-04-01,392.92456666666664,846.20176,1812.4669533333333,1255.6633666666667,446.12247666666667,4191.176463333333
2011-05-01,255.25354193548387,545.8483193548387,1258.7295000000001,801.1840741935484,354.5269258064516,3084.344
2011-06-01,56.21837333333334,217.9925266666667,464.01872333333336,186.11719666666667,90.53839666666666,966.1708033333333
2011-07-01,11.703990322580644,94.09414838709678,187.17435483870966,51.05253870967742,33.484203225806446,360.5099806451613
2011-08-01,10.2918,140.70732580645162,285.3241935483871,95.68353870967742,35.7313,487.0223709677419
2011-09-01,115.29299,849.8168833333333,1838.42407,635.9680533333334,336.21536333333336,3903.94924
2011-10-01,164.2925129032258,343.3554677419355,885.7692322580646,624.4321451612902,211.30762258064516,2234.0165096774194
2011-11-01,94.13464,268.91565333333335,582.6663066666666,429.31170333333336,229.98943,1623.2160433333333
2011-12-01,122.98645806451613,387.64849032258064,849.6880806451613,559.2120516129032,261.6385258064516,2082.110329032258
2012-01-01,122.45665806451612,320.42795806451613,634.2060225806451,520.5915258064516,210.40330645161288,1660.0979677419355
2012-02-01,66.64223793103449,201.1081931034483,411.9320103448276,330.43807586206896,117.53443103448276,1098.596
2012-03-01,94.03933225806452,280.6290903225806,502.2860548387097,432.4347741935484,147.01923548387097,1285.310806451613
2012-04-01,62.40560666666667,159.1501133333333,307.3416133333333,162.65196666666668,86.62123666666666,661.7647099999999
2012-05-01,60.038116129032254,270.5537612903226,581.0434193548388,429.16465161290324,198.6472419354839,1476.8605677419355
2012-06-01,25.07928666666667,107.84943333333334,229.54579666666666,224.29774333333336,124.95280666666666,798.6294566666667
2012-07-01,8.169858064516129,29.15904193548387,66.85516129032257,69.83299032258066,33.80849677419355,238.9941870967742
2012-08-01,8.8714,43.43255483870968,77.97180322580645,71.42239032258064,29.70893870967742,280.1723580645161
2012-09-01,11.510796666666666,41.91931666666667,100.59088,78.07899,32.72577666666667,308.0495333333333
2012-10-01,32.95897741935484,91.53649032258063,190.19786774193548,107.92370967741937,80.84642903225807,528.8490838709678
2012-11-01,39.43782,140.21557333333334,319.03647333333333,219.35172666666668,113.70157999999999,925.6777066666667
2012-12-01,105.46107096774193,312.68192258064516,608.4924967741936,356.2441935483871,126.11044516129033,1290.3347645161289
2013-01-01,129.83730322580647,271.43068064516126,536.549435483871,380.4231290322581,173.25342258064515,1291.2482096774193
2013-02-01,97.68300714285715,237.50755,568.8045464285714,449.0849678571429,194.37492500000002,1552.5722428571428
2013-03-01,95.2176806451613,301.2364451612903,567.5974838709677,323.6980903225807,156.5008129032258,1263.2053806451613
2013-04-01,132.38125666666667,398.35196666666667,704.1455866666668,449.3506,166.33316000000002,1488.7110133333333
2013-05-01,40.4867,165.48,284.1275870967742,269.43936129032255,114.74716129032258,824.0202258064517
2013-06-01,33.79992333333333,359.18032,496.2999266666667,212.35747666666666,72.09468666666666,875.3681133333333
2013-07-01,42.89088064516129,353.19328709677416,537.6547064516129,276.03444516129036,56.75517741935484,1027.2621161290322
2013-08-01,24.347016129032255,169.7183870967742,244.87678387096773,67.54025483870967,25.63587741935484,425.6844193548387
2013-09-01,12.306496666666668,171.97764333333333,215.21748,50.23409,20.960123333333335,336.3947033333333
2013-10-01,15.17143870967742,97.09024838709678,133.99349032258064,56.33227096774194,46.859809677419356,495.3255935483871
2013-11-01,30.23862666666667,188.93944000000002,240.63656666666665,122.37597000000001,54.63357666666666,467.0391866666667
2013-12-01,88.1750129032258,375.3443741935484,620.2942258064515,355.81487741935484,116.3457064516129,1290.6087967741935
2014-01-01,78.80304516129033,340.9531,647.3687806451612,300.63355806451614,83.01403548387097,1279.0993677419353
2014-02-01,39.11769642857143,104.26665714285716,228.64842857142858,221.58943928571426,71.88434285714285,722.8886357142857
2014-03-01,121.69119677419354,268.3889,540.1392709677419,452.17437096774194,169.52656774193548,1382.2275
2014-04-01,195.96201666666667,531.5544133333334,1156.1768566666665,603.5075099999999,211.48908,2509.816506666667
2014-05-01,161.7165935483871,344.0222806451613,749.4829903225806,631.072893548387,255.3814193548387,2090.6053774193547
2014-06-01,75.1312,163.7940866666667,312.58967333333334,246.75299666666666,152.09922666666668,909.7258933333334
2014-07-01,25.916309677419356,118.37354838709678,198.86647419354838,106.53527419354839,60.543248387096774,489.9545225806452
2014-08-01,23.6938935483871,87.94664193548387,163.00456451612902,154.82008387096775,58.14088709677419,480.2902548387097
2014-09-01,9.584306666666667,51.81039,87.01766333333333,72.06636666666667,25.459670000000003,240.53273333333334
2014-10-01,10.636174193548388,112.17672903225808,163.0502322580645,83.47075483870968,37.62213225806452,350.7726483870968
2014-11-01,14.713426666666667,113.07860666666667,159.21619666666666,78.43766666666667,34.90429666666667,321.37733000000003
2014-12-01,41.834029032258066,361.0489258064516,551.027564516129,272.8099870967742,112.20779032258064,1061.9730870967742
2015-01-01,23.82816774193548,190.01518064516128,323.64328387096776,170.16597741935485,59.9495,677.9601129032259
2015-02-01,14.269678571428571,58.30236785714286,144.35523928571428,84.65726071428571,48.634185714285714,330.4980607142857
2015-03-01,93.8749129032258,155.89794516129032,412.37548709677424,460.8429774193549,203.68947096774193,1361.5836
2015-04-01,222.14566333333332,761.5060866666666,1341.5577966666667,821.1885533333333,164.53975333333335,2619.3083199999996
2015-05-01,35.819896774193545,144.60773548387095,286.4112096774193,173.80149999999998,73.99830967741936,699.5174612903226
2015-06-01,72.27686333333332,220.45608333333334,394.65190333333334,284.5654466666667,132.37181666666666,997.6969033333334
2015-07-01,60.86752903225806,260.7524935483871,534.5033225806451,489.7626903225806,178.4874741935484,1455.4859129032259
2015-08-01,13.467867741935484,51.956854838709674,103.74928064516129,96.84361612903226,38.53465806451613,339.19928387096775
2015-09-01,12.947396666666666,23.773883333333334,52.80148666666666,45.901606666666666,24.2647,193.90433333333334
2015-10-01,37.49515161290323,47.18864838709678,115.1490870967742,154.95709032258063,30.386709677419354,385.37401290322583
2015-11-01,54.70531666666667,124.07497666666667,272.31367,249.67907666666667,37.69066333333333,682.2472233333334
2015-12-01,84.9962064516129,177.4826870967742,349.3202774193548,362.5104451612903,83.8544064516129,938.1097258064516
2016-01-01,97.39167419354838,242.73931612903223,529.022635483871,388.8999193548387,125.67198709677419,1320.9352161290321
2016-02-01,153.89717586206896,365.1994379310345,767.2596,544.8747172413794,267.60396206896553,2101.402948275862
2016-03-01,92.80617741935484,229.03761612903227,521.4866967741935,334.84215161290325,119.21392258064516,1224.6579451612904
2016-04-01,85.13931666666667,252.63346666666666,483.52903,240.41002333333333,62.34424666666666,940.4968666666666
2016-05-01,61.46126129032258,154.80179677419355,378.5048935483871,301.26384838709674,119.49708387096774,962.9554774193549
2016-06-01,15.683760000000001,63.29759666666667,139.79083666666665,120.74303,65.08156333333334,442.82828666666666
2016-07-01,6.198651612903226,37.361790322580646,73.85216129032258,41.83586129032258,21.805803225806454,196.72900967741936
2016-08-01,7.5240580645161295,83.2972,145.77695161290322,51.55492258064516,24.46758387096774,279.1218935483871
2016-09-01,6.373186666666667,27.115273333333334,58.29494666666667,39.406666666666666,22.235323333333334,155.922
2016-10-01,48.85386774193549,68.51763548387096,154.74700322580645,196.88429677419356,27.32758064516129,391.3570870967742
2016-11-01,31.49305,103.70572666666666,182.4832,107.98157333333333,23.762553333333337,381.85267333333337
2016-12-01,72.2627741935484,276.6829935483871,468.3423774193548,298.89800967741934,51.664538709677416,831.2364677419355
2017-01-01,152.74655483870967,403.48766451612903,760.4443451612902,545.2180483870968,94.60566451612902,1506.8216193548387
2017-02-01,166.34124642857142,393.38167857142855,748.4749392857142,521.5154178571429,112.15493928571428,1454.070075
2017-03-01,112.9294193548387,423.02628387096775,828.7701612903226,366.91326774193544,160.42863548387098,1565.0081612903225
2017-04-01,226.16667333333334,733.49128,1452.7486266666667,674.6488733333333,174.87541000000002,2684.5314533333335
2017-05-01,146.36156451612902,363.95369677419353,789.0352225806452,602.5459548387097,264.53414838709676,1878.594412903226
2017-06-01,43.91754,286.6986366666667,487.67274,403.15639,115.30619666666666,1148.5312933333335
2017-07-01,28.58905483870968,282.4468451612903,453.4166516129032,200.24577741935482,91.15284838709677,953.8210064516129
2017-08-01,14.663567741935484,84.5668870967742,179.91244516129032,119.14085483870969,78.51987741935484,591.2740290322581
2017-09-01,10.023216666666666,41.087740000000004,87.96157,52.47111666666667,32.71633,260.2129433333333
2017-10-01,30.964929032258066,51.84083870967742,81.15973870967743,133.16225161290325,72.8217870967742,305.08205161290323
2017-11-01,67.13452333333333,178.05633,353.51695333333333,340.65166666666664,125.81175333333334,1024.5979033333333
2017-12-01,22.227806451612903,102.30601612903226,176.06684838709677,132.46804193548385,52.504909677419356,430.96413548387096
2018-01-01,93.78813548387097,266.75383548387094,635.5579225806453,469.639464516129,104.51657096774194,1303.7532903225806
2018-02-01,129.47373214285716,453.7167857142857,913.17785,766.1628535714286,368.13922142857143,2475.701446428571
2018-03-01,124.4114258064516,321.6885161290323,685.0849903225806,508.47009354838707,193.94299032258067,1732.3515935483872
2018-04-01,155.63884000000002,450.1151566666667,898.39915,569.6405666666667,275.66450999999995,2105.26315
2018-05-01,94.7974935483871,229.08328387096773,738.8870064516129,639.2482548387096,227.7313935483871,1952.7662838709678
2018-06-01,24.61206,89.23581666666668,221.12624666666667,250.90615,176.64991999999998,866.6842833333334
2018-07-01,96.76232258064516,106.48960322580646,475.6956258064516,505.9033064516129,193.78770967741934,1755.0050677419356
2018-08-01,114.29044838709676,322.3096516129032,1003.2658806451614,582.0208129032258,186.93686129032258,2197.661329032258
2018-09-01,204.10028,370.0067866666667,961.2153566666667,982.0565566666667,458.0344333333333,2796.382993333333
2018-10-01,151.0932193548387,398.58244193548387,876.5434129032258,517.6867548387097,182.4427064516129,1832.099977419355
2018-11-01,194.28188,493.31722666666667,1195.7260433333333,780.0347266666666,360.69999,2979.8761566666667
2018-12-01,195.12134516129032,427.1094,1004.0605741935484,779.6267322580645,369.83628387096775,2691.3792483870966
2019-01-01,105.98721290322581,350.7726548387097,821.7548838709677,629.9585000000001,258.81597741935485,2154.6379806451614
2019-02-01,130.550775,408.80425,804.7041,651.0346464285714,312.41572142857143,2168.767060714286
2019-03-01,112.09816451612903,306.3152064516129,628.4330387096775,525.4236548387097,313.75979354838705,1916.5024580645163
2019-04-01,156.88476666666665,450.8042,936.15494,598.7125233333334,217.3318,2139.1489866666666
2019-05-01,128.04695161290323,431.1376903225807,917.5571774193548,614.9322967741936,287.0232193548387,2241.872151612903
2019-06-01,90.13251666666666,229.45141333333333,610.7943799999999,649.6545233333333,111.43622666666667,1644.8312366666667
2019-07-01,34.02954193548387,80.36503870967742,253.39010967741936,231.16595161290323,62.38840322580646,722.7189903225807
2019-08-01,28.237380645161288,65.92345161290322,187.45752903225807,102.03199354838709,37.45131612903226,415.62737096774197
2019-09-01,21.796426666666665,37.08656,100.28883333333333,73.29343,28.218683333333335,264.67756333333335
2019-10-01,41.46682903225807,179.9544741935484,289.1332612903226,119.50622580645162,31.480116129032258,478.1345225806452
2019-11-01,75.17178333333332,359.9448733333333,615.4005766666667,310.28656666666666,51.621613333333336,1188.4580500000002
2019-12-01,110.57271935483871,348.2972161290323,629.4561,378.2399903225807,86.46685806451613,1274.8061612903227
2020-01-01,95.53737741935484,314.81025161290324,661.1526838709677,355.38555806451615,151.63215161290321,1401.3185354838708
2020-02-01,122.81699655172415,291.96621379310346,653.7285827586206,534.8368793103448,165.99530689655174,1552.1537655172413
2020-03-01,150.5542741935484,397.9156387096774,753.7761838709678,566.3460677419355,217.6286677419355,1779.8508322580647
2020-04-01,126.312,312.40089333333333,651.6650266666667,545.38246,241.71261,1735.8227
2020-05-01,152.1436741935484,319.7063387096774,769.7615,556.6087193548386,213.39027741935485,1942.2616451612903
2020-06-01,22.133393333333334,84.14823333333334,196.72657333333333,166.12551,63.48636,625.1415866666666
2020-07-01,11.262793548387096,49.883322580645164,113.43179677419354,63.47541612903226,29.80485483870968,281.9627129032258
2020-08-01,6.915699999999999,65.10956451612904,106.37086451612903,34.67627419354839,22.94669677419355,246.6214677419355
2020-09-01,5.005463333333334,27.135086666666666,56.11455333333333,29.324920000000002,22.458090000000002,153.83598666666666
2020-10-01,6.933061290322581,34.086180645161285,53.20827096774194,33.03662903225807,24.63839677419355,146.06925483870967
2020-11-01,15.143849999999999,106.19760333333333,166.7296,103.99832666666666,44.87181666666667,384.7504233333333
2020-12-01,100.05895483870968,377.32655161290324,699.2708225806451,366.0637483870967,157.03975161290322,1487.7305806451614
